"","x.UTM","y.UTM","id2","EEZgrid","START_LONGITUDE","START_LATITUDE","YEAR","GEAR_DEPTH","GEAR_TEMPERATURE"
"1",-140.96506355,6137.57296091,75,"1 g530",-163.030170280195,54.9698523950004,"1993",112,5.1
"2",-140.96506355,6137.57296091,75,"1 g530",-163.030170280195,54.9698523950004,"1996",41,6
"3",-140.96506355,6137.57296091,75,"1 g530",-163.030170280195,54.9698523950004,"1999",91,2.7
"4",-140.96506355,6137.57296091,75,"1 g530",-163.030170280195,54.9698523950004,"2001",36,4.25
"5",-140.96506355,6137.57296091,75,"1 g530",-163.030170280195,54.9698523950004,"2003",90,5.6
"6",-140.96506355,6137.57296091,75,"1 g530",-163.030170280195,54.9698523950004,"2007",40,4.5
"7",-140.96506355,6137.57296091,75,"1 g530",-163.030170280195,54.9698523950004,"2009",33,3.55
"8",-140.96506355,6137.57296091,75,"1 g530",-163.030170280195,54.9698523950004,"2011",65,4.5
"9",-140.96506355,6137.57296091,75,"1 g530",-163.030170280195,54.9698523950004,"2013",34,4
"10",-140.96506355,6137.57296091,75,"1 g530",-163.030170280195,54.9698523950004,"2015",36,6.5
"11",-140.96506355,6137.57296091,75,"1 g530",-163.030170280195,54.9698523950004,"2017",62,4.9
"12",-173.40041554,6069.67150939,60,"1 g559",-163.372877887982,54.3271720425445,"1993",81.7777777777778,4.88518518518519
"13",-173.40041554,6069.67150939,60,"1 g559",-163.372877887982,54.3271720425445,"1996",87.1052631578947,4.53157894736842
"14",-173.40041554,6069.67150939,60,"1 g559",-163.372877887982,54.3271720425445,"1999",83.1,3.135
"15",-173.40041554,6069.67150939,60,"1 g559",-163.372877887982,54.3271720425445,"2001",82.8235294117647,4.95882352941176
"16",-173.40041554,6069.67150939,60,"1 g559",-163.372877887982,54.3271720425445,"2003",78.4897959183673,6.11020408163265
"17",-173.40041554,6069.67150939,60,"1 g559",-163.372877887982,54.3271720425445,"2005",74.0740740740741,5.11111111111111
"18",-173.40041554,6069.67150939,60,"1 g559",-163.372877887982,54.3271720425445,"2007",78.9393939393939,3.36969696969697
"19",-173.40041554,6069.67150939,60,"1 g559",-163.372877887982,54.3271720425445,"2009",75.5135135135135,3.46486486486487
"20",-173.40041554,6069.67150939,60,"1 g559",-163.372877887982,54.3271720425445,"2011",73.3333333333333,4.4952380952381
"21",-173.40041554,6069.67150939,60,"1 g559",-163.372877887982,54.3271720425445,"2013",71.1428571428571,4.75714285714286
"22",-173.40041554,6069.67150939,60,"1 g559",-163.372877887982,54.3271720425445,"2015",75.3870967741936,5.97096774193548
"23",-173.40041554,6069.67150939,60,"1 g559",-163.372877887982,54.3271720425445,"2017",84,4.78125
"24",-175,5975,47,"1 g588",-163.188997020615,53.4878568051051,"1993",93,5
"25",-175,5975,47,"1 g588",-163.188997020615,53.4878568051051,"1996",96,4.6
"26",-175,5975,47,"1 g588",-163.188997020615,53.4878568051051,"1999",89.5,3.95
"27",-175,5975,47,"1 g588",-163.188997020615,53.4878568051051,"2003",148,5.9
"28",-175,5975,47,"1 g588",-163.188997020615,53.4878568051051,"2007",88,3.9
"29",-175,5975,47,"1 g588",-163.188997020615,53.4878568051051,"2015",93,5.8
"30",-270.35281291,6055.67587635,59,"1 g558",-164.79779704428,54.067840106188,"1993",89,4.78333333333333
"31",-270.35281291,6055.67587635,59,"1 g558",-164.79779704428,54.067840106188,"1996",92.2307692307692,4.52307692307692
"32",-270.35281291,6055.67587635,59,"1 g558",-164.79779704428,54.067840106188,"1999",80.875,3.54375
"33",-270.35281291,6055.67587635,59,"1 g558",-164.79779704428,54.067840106188,"2001",76.5416666666667,4.825
"34",-270.35281291,6055.67587635,59,"1 g558",-164.79779704428,54.067840106188,"2003",77.4782608695652,5.83478260869565
"35",-270.35281291,6055.67587635,59,"1 g558",-164.79779704428,54.067840106188,"2005",82.3125,5.1625
"36",-270.35281291,6055.67587635,59,"1 g558",-164.79779704428,54.067840106188,"2007",83.6470588235294,3.52352941176471
"37",-270.35281291,6055.67587635,59,"1 g558",-164.79779704428,54.067840106188,"2009",85.8125,3.65625
"38",-270.35281291,6055.67587635,59,"1 g558",-164.79779704428,54.067840106188,"2011",81.7647058823529,4.36470588235294
"39",-270.35281291,6055.67587635,59,"1 g558",-164.79779704428,54.067840106188,"2013",86.1818181818182,4.66363636363636
"40",-270.35281291,6055.67587635,59,"1 g558",-164.79779704428,54.067840106188,"2015",88.5625,5.89375
"41",-270.35281291,6055.67587635,59,"1 g558",-164.79779704428,54.067840106188,"2017",75.2857142857143,5.05714285714286
"42",-275,5975,46,"1 g587",-164.666404628218,53.3510109274982,"1993",241.111111111111,4.88888888888889
"43",-275,5975,46,"1 g587",-164.666404628218,53.3510109274982,"1996",237,4.89090909090909
"44",-275,5975,46,"1 g587",-164.666404628218,53.3510109274982,"1999",326.25,4.6
"45",-275,5975,46,"1 g587",-164.666404628218,53.3510109274982,"2001",230.333333333333,5.18333333333333
"46",-275,5975,46,"1 g587",-164.666404628218,53.3510109274982,"2003",178.333333333333,5.11111111111111
"47",-275,5975,46,"1 g587",-164.666404628218,53.3510109274982,"2005",361.333333333333,4.6
"48",-275,5975,46,"1 g587",-164.666404628218,53.3510109274982,"2009",230.571428571429,4.52857142857143
"49",-275,5975,46,"1 g587",-164.666404628218,53.3510109274982,"2011",151.7,4.47
"50",-275,5975,46,"1 g587",-164.666404628218,53.3510109274982,"2013",297.142857142857,4.54285714285714
"51",-275,5975,46,"1 g587",-164.666404628218,53.3510109274982,"2015",255.666666666667,4.8
"52",-275,5975,46,"1 g587",-164.666404628218,53.3510109274982,"2017",195.333333333333,4.96666666666667
"53",-350.83334243,6044.45614434,58,"1 g557",-165.966090297497,53.8439216736001,"1993",82.3333333333333,5.4
"54",-350.83334243,6044.45614434,58,"1 g557",-165.966090297497,53.8439216736001,"1996",104.428571428571,4.48571428571429
"55",-350.83334243,6044.45614434,58,"1 g557",-165.966090297497,53.8439216736001,"1999",83,3.76666666666667
"56",-350.83334243,6044.45614434,58,"1 g557",-165.966090297497,53.8439216736001,"2001",74.25,4.6
"57",-350.83334243,6044.45614434,58,"1 g557",-165.966090297497,53.8439216736001,"2003",75.2,5.88
"58",-350.83334243,6044.45614434,58,"1 g557",-165.966090297497,53.8439216736001,"2005",73.6,5
"59",-350.83334243,6044.45614434,58,"1 g557",-165.966090297497,53.8439216736001,"2007",69.3333333333333,3.58333333333333
"60",-350.83334243,6044.45614434,58,"1 g557",-165.966090297497,53.8439216736001,"2009",76,4.1
"61",-350.83334243,6044.45614434,58,"1 g557",-165.966090297497,53.8439216736001,"2011",91.8333333333333,4.36666666666667
"62",-350.83334243,6044.45614434,58,"1 g557",-165.966090297497,53.8439216736001,"2013",88.6666666666667,4.5
"63",-350.83334243,6044.45614434,58,"1 g557",-165.966090297497,53.8439216736001,"2015",71.3333333333333,6.13333333333333
"64",-350.83334243,6044.45614434,58,"1 g557",-165.966090297497,53.8439216736001,"2017",123,5.2
"65",-373.96603603,5973.77966999,45,"1 g586",-166.112599501452,53.1873102158826,"1993",149.727272727273,5.00909090909091
"66",-373.96603603,5973.77966999,45,"1 g586",-166.112599501452,53.1873102158826,"1996",223.333333333333,4.76666666666667
"67",-373.96603603,5973.77966999,45,"1 g586",-166.112599501452,53.1873102158826,"1999",246.428571428571,4.34285714285714
"68",-373.96603603,5973.77966999,45,"1 g586",-166.112599501452,53.1873102158826,"2001",170,4.66666666666667
"69",-373.96603603,5973.77966999,45,"1 g586",-166.112599501452,53.1873102158826,"2003",202.533333333333,5.08
"70",-373.96603603,5973.77966999,45,"1 g586",-166.112599501452,53.1873102158826,"2005",221.888888888889,4.76666666666667
"71",-373.96603603,5973.77966999,45,"1 g586",-166.112599501452,53.1873102158826,"2007",238.5,4.34285714285714
"72",-373.96603603,5973.77966999,45,"1 g586",-166.112599501452,53.1873102158826,"2009",199.526315789474,4.03157894736842
"73",-373.96603603,5973.77966999,45,"1 g586",-166.112599501452,53.1873102158826,"2011",240.777777777778,4.61111111111111
"74",-373.96603603,5973.77966999,45,"1 g586",-166.112599501452,53.1873102158826,"2013",200.6,4.42
"75",-373.96603603,5973.77966999,45,"1 g586",-166.112599501452,53.1873102158826,"2015",157.5,5.68888888888889
"76",-373.96603603,5973.77966999,45,"1 g586",-166.112599501452,53.1873102158826,"2017",229.3,4.93
"77",-474.83570242,5966.961785,44,"1 g585",-167.554956986491,52.9544727092926,"1993",129.090909090909,4.97272727272727
"78",-474.83570242,5966.961785,44,"1 g585",-167.554956986491,52.9544727092926,"1996",169.833333333333,4.85
"79",-474.83570242,5966.961785,44,"1 g585",-167.554956986491,52.9544727092926,"1999",152.666666666667,4.45555555555556
"80",-474.83570242,5966.961785,44,"1 g585",-167.554956986491,52.9544727092926,"2001",136,4.87
"81",-474.83570242,5966.961785,44,"1 g585",-167.554956986491,52.9544727092926,"2003",115.875,5.29375
"82",-474.83570242,5966.961785,44,"1 g585",-167.554956986491,52.9544727092926,"2005",69.2,5.07
"83",-474.83570242,5966.961785,44,"1 g585",-167.554956986491,52.9544727092926,"2007",111.272727272727,3.63636363636364
"84",-474.83570242,5966.961785,44,"1 g585",-167.554956986491,52.9544727092926,"2009",106.833333333333,3.85
"85",-474.83570242,5966.961785,44,"1 g585",-167.554956986491,52.9544727092926,"2011",144.583333333333,4.60833333333333
"86",-474.83570242,5966.961785,44,"1 g585",-167.554956986491,52.9544727092926,"2013",99.2727272727273,4.57272727272727
"87",-474.83570242,5966.961785,44,"1 g585",-167.554956986491,52.9544727092926,"2015",123.8,5.51
"88",-474.83570242,5966.961785,44,"1 g585",-167.554956986491,52.9544727092926,"2017",133.333333333333,5.13333333333333
"89",-573.14862179,5953.92018448,43,"1 g584",-168.921528805804,52.6562988859157,"1993",124.888888888889,5
"90",-573.14862179,5953.92018448,43,"1 g584",-168.921528805804,52.6562988859157,"1996",120.857142857143,4.78571428571429
"91",-573.14862179,5953.92018448,43,"1 g584",-168.921528805804,52.6562988859157,"1999",125.5,4.2
"92",-573.14862179,5953.92018448,43,"1 g584",-168.921528805804,52.6562988859157,"2001",97.2857142857143,4.95714285714286
"93",-573.14862179,5953.92018448,43,"1 g584",-168.921528805804,52.6562988859157,"2003",171.285714285714,5
"94",-573.14862179,5953.92018448,43,"1 g584",-168.921528805804,52.6562988859157,"2005",145.4,4.9
"95",-573.14862179,5953.92018448,43,"1 g584",-168.921528805804,52.6562988859157,"2007",148.666666666667,3.73333333333333
"96",-573.14862179,5953.92018448,43,"1 g584",-168.921528805804,52.6562988859157,"2009",145.625,4
"97",-573.14862179,5953.92018448,43,"1 g584",-168.921528805804,52.6562988859157,"2011",191.111111111111,4.52222222222222
"98",-573.14862179,5953.92018448,43,"1 g584",-168.921528805804,52.6562988859157,"2013",145,4.63333333333333
"99",-573.14862179,5953.92018448,43,"1 g584",-168.921528805804,52.6562988859157,"2015",173.666666666667,5.31111111111111
"100",-573.14862179,5953.92018448,43,"1 g584",-168.921528805804,52.6562988859157,"2017",137.8,5.12
"101",-62.63038692,6149.16606783,76,"1 g531",-161.844509061369,55.1672564592116,"1993",53.125,6.0375
"102",-62.63038692,6149.16606783,76,"1 g531",-161.844509061369,55.1672564592116,"1996",58.7777777777778,4.41111111111111
"103",-62.63038692,6149.16606783,76,"1 g531",-161.844509061369,55.1672564592116,"1999",68.25,2.225
"104",-62.63038692,6149.16606783,76,"1 g531",-161.844509061369,55.1672564592116,"2001",68.1428571428571,4.81428571428571
"105",-62.63038692,6149.16606783,76,"1 g531",-161.844509061369,55.1672564592116,"2003",53.625,5.91875
"106",-62.63038692,6149.16606783,76,"1 g531",-161.844509061369,55.1672564592116,"2005",38.8888888888889,5.61111111111111
"107",-62.63038692,6149.16606783,76,"1 g531",-161.844509061369,55.1672564592116,"2007",66.5,3.33
"108",-62.63038692,6149.16606783,76,"1 g531",-161.844509061369,55.1672564592116,"2009",75.8571428571429,3.27142857142857
"109",-62.63038692,6149.16606783,76,"1 g531",-161.844509061369,55.1672564592116,"2011",58.7142857142857,4.55714285714286
"110",-62.63038692,6149.16606783,76,"1 g531",-161.844509061369,55.1672564592116,"2013",41,4.45
"111",-62.63038692,6149.16606783,76,"1 g531",-161.844509061369,55.1672564592116,"2015",27,6.95
"112",-62.63038692,6149.16606783,76,"1 g531",-161.844509061369,55.1672564592116,"2017",58.4,4.98
"113",-637.40411181,5952.11648249,42,"1 g583",-169.825440259254,52.5113982328768,"1996",131,4.6
"114",-637.40411181,5952.11648249,42,"1 g583",-169.825440259254,52.5113982328768,"1999",226,4.5
"115",-637.40411181,5952.11648249,42,"1 g583",-169.825440259254,52.5113982328768,"2001",75,4.6
"116",-637.40411181,5952.11648249,42,"1 g583",-169.825440259254,52.5113982328768,"2003",144,5.1
"117",-637.40411181,5952.11648249,42,"1 g583",-169.825440259254,52.5113982328768,"2005",155,4.85
"118",-637.40411181,5952.11648249,42,"1 g583",-169.825440259254,52.5113982328768,"2007",185.666666666667,3.76666666666667
"119",-637.40411181,5952.11648249,42,"1 g583",-169.825440259254,52.5113982328768,"2009",221,4.1
"120",-637.40411181,5952.11648249,42,"1 g583",-169.825440259254,52.5113982328768,"2011",190.8,4.28
"121",-637.40411181,5952.11648249,42,"1 g583",-169.825440259254,52.5113982328768,"2013",214,4.2
"122",-637.40411181,5952.11648249,42,"1 g583",-169.825440259254,52.5113982328768,"2015",283.875,4.5125
"123",-637.40411181,5952.11648249,42,"1 g583",-169.825440259254,52.5113982328768,"2017",224.333333333333,4.8
"124",-74.57504892,6074.67096235,61,"1 g560",-161.882169162552,54.4922734589594,"1993",137.85,4.785
"125",-74.57504892,6074.67096235,61,"1 g560",-161.882169162552,54.4922734589594,"1996",133.952380952381,4.6952380952381
"126",-74.57504892,6074.67096235,61,"1 g560",-161.882169162552,54.4922734589594,"1999",225.75,3.69375
"127",-74.57504892,6074.67096235,61,"1 g560",-161.882169162552,54.4922734589594,"2001",118.333333333333,5.16
"128",-74.57504892,6074.67096235,61,"1 g560",-161.882169162552,54.4922734589594,"2003",199.5625,5.35625
"129",-74.57504892,6074.67096235,61,"1 g560",-161.882169162552,54.4922734589594,"2005",223,4.84210526315789
"130",-74.57504892,6074.67096235,61,"1 g560",-161.882169162552,54.4922734589594,"2007",248,3.70526315789474
"131",-74.57504892,6074.67096235,61,"1 g560",-161.882169162552,54.4922734589594,"2009",184.1,3.725
"132",-74.57504892,6074.67096235,61,"1 g560",-161.882169162552,54.4922734589594,"2011",119.823529411765,4.25882352941176
"133",-74.57504892,6074.67096235,61,"1 g560",-161.882169162552,54.4922734589594,"2013",138.833333333333,4.65833333333333
"134",-74.57504892,6074.67096235,61,"1 g560",-161.882169162552,54.4922734589594,"2015",146.85,5.56
"135",-74.57504892,6074.67096235,61,"1 g560",-161.882169162552,54.4922734589594,"2017",141.125,4.2625
"136",-75,5975,48,"1 g589",-161.700228997274,53.606504979397,"1999",823,3.3
"137",1026.32464223,6662.26108905,167,"1 g397",-143.610336219189,59.7617252196907,"1990",225.7,5.595
"138",1026.32464223,6662.26108905,167,"1 g397",-143.610336219189,59.7617252196907,"1993",204.571428571429,5.73571428571429
"139",1026.32464223,6662.26108905,167,"1 g397",-143.610336219189,59.7617252196907,"1996",197.666666666667,5.60833333333333
"140",1026.32464223,6662.26108905,167,"1 g397",-143.610336219189,59.7617252196907,"1999",380.736842105263,5.11578947368421
"141",1026.32464223,6662.26108905,167,"1 g397",-143.610336219189,59.7617252196907,"2003",283.142857142857,5.55714285714286
"142",1026.32464223,6662.26108905,167,"1 g397",-143.610336219189,59.7617252196907,"2005",227.8,5.82
"143",1026.32464223,6662.26108905,167,"1 g397",-143.610336219189,59.7617252196907,"2007",421.727272727273,4.6
"144",1026.32464223,6662.26108905,167,"1 g397",-143.610336219189,59.7617252196907,"2009",234.666666666667,5.30666666666667
"145",1026.32464223,6662.26108905,167,"1 g397",-143.610336219189,59.7617252196907,"2011",277.875,5.2125
"146",1026.32464223,6662.26108905,167,"1 g397",-143.610336219189,59.7617252196907,"2013",282.444444444444,5.08888888888889
"147",1026.32464223,6662.26108905,167,"1 g397",-143.610336219189,59.7617252196907,"2015",305.533333333333,5.08
"148",1026.32464223,6662.26108905,167,"1 g397",-143.610336219189,59.7617252196907,"2017",358.5,4.725
"149",1123.2022083,6664.07187247,168,"1 g398",-141.911352334883,59.6441979348104,"1990",226.684210526316,5.84210526315789
"150",1123.2022083,6664.07187247,168,"1 g398",-141.911352334883,59.6441979348104,"1993",222.736842105263,5.46842105263158
"151",1123.2022083,6664.07187247,168,"1 g398",-141.911352334883,59.6441979348104,"1996",164.6875,6.33125
"152",1123.2022083,6664.07187247,168,"1 g398",-141.911352334883,59.6441979348104,"1999",158,6.22222222222222
"153",1123.2022083,6664.07187247,168,"1 g398",-141.911352334883,59.6441979348104,"2003",219,5.75
"154",1123.2022083,6664.07187247,168,"1 g398",-141.911352334883,59.6441979348104,"2005",254,5.79090909090909
"155",1123.2022083,6664.07187247,168,"1 g398",-141.911352334883,59.6441979348104,"2007",192.375,5.6375
"156",1123.2022083,6664.07187247,168,"1 g398",-141.911352334883,59.6441979348104,"2009",199.444444444444,5.61111111111111
"157",1123.2022083,6664.07187247,168,"1 g398",-141.911352334883,59.6441979348104,"2011",187.142857142857,5.86428571428571
"158",1123.2022083,6664.07187247,168,"1 g398",-141.911352334883,59.6441979348104,"2013",180,5.58181818181818
"159",1123.2022083,6664.07187247,168,"1 g398",-141.911352334883,59.6441979348104,"2015",256.363636363636,5.80909090909091
"160",1123.2022083,6664.07187247,168,"1 g398",-141.911352334883,59.6441979348104,"2017",113.454545454545,6.94545454545455
"161",1125,6575,154,"1 g427",-142.13596360744,58.8563020570417,"1990",335.875,5.0625
"162",1125,6575,154,"1 g427",-142.13596360744,58.8563020570417,"1993",315.4,4.18
"163",1125,6575,154,"1 g427",-142.13596360744,58.8563020570417,"1996",264,4.9
"164",1125,6575,154,"1 g427",-142.13596360744,58.8563020570417,"1999",314.666666666667,4.7
"165",1125,6575,154,"1 g427",-142.13596360744,58.8563020570417,"2003",248.5,5.4
"166",1125,6575,154,"1 g427",-142.13596360744,58.8563020570417,"2005",310.75,4.975
"167",1125,6575,154,"1 g427",-142.13596360744,58.8563020570417,"2007",368.75,4.45
"168",1125,6575,154,"1 g427",-142.13596360744,58.8563020570417,"2009",263.5,5.3
"169",1125,6575,154,"1 g427",-142.13596360744,58.8563020570417,"2011",330.75,5.1
"170",1125,6575,154,"1 g427",-142.13596360744,58.8563020570417,"2013",266.666666666667,4.66666666666667
"171",1125,6575,154,"1 g427",-142.13596360744,58.8563020570417,"2015",270,5.1
"172",1125,6575,154,"1 g427",-142.13596360744,58.8563020570417,"2017",313.833333333333,5.03333333333333
"173",1224.42743078,6659.94104166,169,"1 g399",-140.172972216536,59.4455397586209,"1990",187.466666666667,5.96
"174",1224.42743078,6659.94104166,169,"1 g399",-140.172972216536,59.4455397586209,"1993",205.181818181818,5.2
"175",1224.42743078,6659.94104166,169,"1 g399",-140.172972216536,59.4455397586209,"1996",155.111111111111,6.28888888888889
"176",1224.42743078,6659.94104166,169,"1 g399",-140.172972216536,59.4455397586209,"1999",144.117647058824,6.17058823529412
"177",1224.42743078,6659.94104166,169,"1 g399",-140.172972216536,59.4455397586209,"2003",148,6.41428571428571
"178",1224.42743078,6659.94104166,169,"1 g399",-140.172972216536,59.4455397586209,"2005",155,6.24
"179",1224.42743078,6659.94104166,169,"1 g399",-140.172972216536,59.4455397586209,"2007",135.5,5.725
"180",1224.42743078,6659.94104166,169,"1 g399",-140.172972216536,59.4455397586209,"2009",188.777777777778,5.5
"181",1224.42743078,6659.94104166,169,"1 g399",-140.172972216536,59.4455397586209,"2011",160.8,6.1
"182",1224.42743078,6659.94104166,169,"1 g399",-140.172972216536,59.4455397586209,"2013",153,5.84
"183",1224.42743078,6659.94104166,169,"1 g399",-140.172972216536,59.4455397586209,"2015",168.7,6.8
"184",1224.42743078,6659.94104166,169,"1 g399",-140.172972216536,59.4455397586209,"2017",167.75,6.025
"185",1225,6575,155,"1 g428",-140.442482551985,58.7003997990313,"1990",211.125,5.825
"186",1225,6575,155,"1 g428",-140.442482551985,58.7003997990313,"1993",196,5.26666666666667
"187",1225,6575,155,"1 g428",-140.442482551985,58.7003997990313,"1996",206.571428571429,5.54285714285714
"188",1225,6575,155,"1 g428",-140.442482551985,58.7003997990313,"1999",212.444444444444,5.73333333333333
"189",1225,6575,155,"1 g428",-140.442482551985,58.7003997990313,"2003",202.375,5.7
"190",1225,6575,155,"1 g428",-140.442482551985,58.7003997990313,"2005",273.875,5.54375
"191",1225,6575,155,"1 g428",-140.442482551985,58.7003997990313,"2007",254.857142857143,5.22857142857143
"192",1225,6575,155,"1 g428",-140.442482551985,58.7003997990313,"2009",240.3,5.37
"193",1225,6575,155,"1 g428",-140.442482551985,58.7003997990313,"2011",156.666666666667,6.1
"194",1225,6575,155,"1 g428",-140.442482551985,58.7003997990313,"2013",185.428571428571,5.7
"195",1225,6575,155,"1 g428",-140.442482551985,58.7003997990313,"2015",155.75,6.35
"196",1225,6575,155,"1 g428",-140.442482551985,58.7003997990313,"2017",175.666666666667,5.9
"197",125.63075134,6074.42379818,63,"1 g562",-158.809243859,54.6776051186849,"1990",139.6,4.42
"198",125.63075134,6074.42379818,63,"1 g562",-158.809243859,54.6776051186849,"1993",171.333333333333,5.13333333333333
"199",125.63075134,6074.42379818,63,"1 g562",-158.809243859,54.6776051186849,"1996",180.315789473684,4.85263157894737
"200",125.63075134,6074.42379818,63,"1 g562",-158.809243859,54.6776051186849,"1999",137.88,3.692
"201",125.63075134,6074.42379818,63,"1 g562",-158.809243859,54.6776051186849,"2001",108.363636363636,5.33636363636364
"202",125.63075134,6074.42379818,63,"1 g562",-158.809243859,54.6776051186849,"2003",175.681818181818,5.14090909090909
"203",125.63075134,6074.42379818,63,"1 g562",-158.809243859,54.6776051186849,"2005",182.076923076923,4.62307692307692
"204",125.63075134,6074.42379818,63,"1 g562",-158.809243859,54.6776051186849,"2007",165.24,4.152
"205",125.63075134,6074.42379818,63,"1 g562",-158.809243859,54.6776051186849,"2009",130.111111111111,4.16111111111111
"206",125.63075134,6074.42379818,63,"1 g562",-158.809243859,54.6776051186849,"2011",185.833333333333,4.76666666666667
"207",125.63075134,6074.42379818,63,"1 g562",-158.809243859,54.6776051186849,"2013",201.6,4.42666666666667
"208",125.63075134,6074.42379818,63,"1 g562",-158.809243859,54.6776051186849,"2015",188,5.42
"209",125.63075134,6074.42379818,63,"1 g562",-158.809243859,54.6776051186849,"2017",183.5,4.3
"210",128.26764589,6169.86351931,78,"1 g533",-158.893212308295,55.5327620097487,"1990",141.666666666667,4.43333333333333
"211",128.26764589,6169.86351931,78,"1 g533",-158.893212308295,55.5327620097487,"1993",133.434782608696,5.39565217391304
"212",128.26764589,6169.86351931,78,"1 g533",-158.893212308295,55.5327620097487,"1996",118.636363636364,4.51363636363636
"213",128.26764589,6169.86351931,78,"1 g533",-158.893212308295,55.5327620097487,"1999",134.125,3.54375
"214",128.26764589,6169.86351931,78,"1 g533",-158.893212308295,55.5327620097487,"2001",127.35,5.06
"215",128.26764589,6169.86351931,78,"1 g533",-158.893212308295,55.5327620097487,"2003",113.4375,5.7375
"216",128.26764589,6169.86351931,78,"1 g533",-158.893212308295,55.5327620097487,"2005",106.153846153846,5.13076923076923
"217",128.26764589,6169.86351931,78,"1 g533",-158.893212308295,55.5327620097487,"2007",99.8333333333333,3.85555555555556
"218",128.26764589,6169.86351931,78,"1 g533",-158.893212308295,55.5327620097487,"2009",114.944444444444,3.48888888888889
"219",128.26764589,6169.86351931,78,"1 g533",-158.893212308295,55.5327620097487,"2011",117,4.58125
"220",128.26764589,6169.86351931,78,"1 g533",-158.893212308295,55.5327620097487,"2013",126.833333333333,4.55
"221",128.26764589,6169.86351931,78,"1 g533",-158.893212308295,55.5327620097487,"2015",97.6666666666667,6.2
"222",128.26764589,6169.86351931,78,"1 g533",-158.893212308295,55.5327620097487,"2017",118.588235294118,4.64117647058824
"223",1308.29774105,6640.78940369,170,"1 g400",-138.809150483607,59.1270376884315,"1993",119.5,6.1
"224",1308.29774105,6640.78940369,170,"1 g400",-138.809150483607,59.1270376884315,"1996",94.6,6.7
"225",1308.29774105,6640.78940369,170,"1 g400",-138.809150483607,59.1270376884315,"1999",74.25,7.4
"226",1308.29774105,6640.78940369,170,"1 g400",-138.809150483607,59.1270376884315,"2003",62,7.5
"227",1308.29774105,6640.78940369,170,"1 g400",-138.809150483607,59.1270376884315,"2005",74,6.4
"228",1308.29774105,6640.78940369,170,"1 g400",-138.809150483607,59.1270376884315,"2007",92.6666666666667,6.6
"229",1308.29774105,6640.78940369,170,"1 g400",-138.809150483607,59.1270376884315,"2009",57.6666666666667,6.06666666666667
"230",1308.29774105,6640.78940369,170,"1 g400",-138.809150483607,59.1270376884315,"2011",89.5,6.65
"231",1308.29774105,6640.78940369,170,"1 g400",-138.809150483607,59.1270376884315,"2013",114,6.1
"232",1308.29774105,6640.78940369,170,"1 g400",-138.809150483607,59.1270376884315,"2015",55.6,8.68
"233",1324.41588531,6574.43568794,156,"1 g429",-138.779825247282,58.5189598224895,"1990",175.35,6.095
"234",1324.41588531,6574.43568794,156,"1 g429",-138.779825247282,58.5189598224895,"1993",191.294117647059,5.30588235294118
"235",1324.41588531,6574.43568794,156,"1 g429",-138.779825247282,58.5189598224895,"1996",168.0625,5.9375
"236",1324.41588531,6574.43568794,156,"1 g429",-138.779825247282,58.5189598224895,"1999",138.8,6.35333333333333
"237",1324.41588531,6574.43568794,156,"1 g429",-138.779825247282,58.5189598224895,"2003",132,6.44545454545455
"238",1324.41588531,6574.43568794,156,"1 g429",-138.779825247282,58.5189598224895,"2005",166.909090909091,6.26363636363636
"239",1324.41588531,6574.43568794,156,"1 g429",-138.779825247282,58.5189598224895,"2007",159.538461538462,5.83846153846154
"240",1324.41588531,6574.43568794,156,"1 g429",-138.779825247282,58.5189598224895,"2009",112.454545454545,5.85454545454545
"241",1324.41588531,6574.43568794,156,"1 g429",-138.779825247282,58.5189598224895,"2011",135.75,6.08333333333333
"242",1324.41588531,6574.43568794,156,"1 g429",-138.779825247282,58.5189598224895,"2013",122.857142857143,6.12857142857143
"243",1324.41588531,6574.43568794,156,"1 g429",-138.779825247282,58.5189598224895,"2015",136,6.74
"244",1324.41588531,6574.43568794,156,"1 g429",-138.779825247282,58.5189598224895,"2017",144.538461538462,6.80769230769231
"245",1420.80578471,6559.1046238,157,"1 g430",-137.246401733018,58.1953342386258,"1990",293.833333333333,5.74166666666667
"246",1420.80578471,6559.1046238,157,"1 g430",-137.246401733018,58.1953342386258,"1993",297.846153846154,4.74615384615385
"247",1420.80578471,6559.1046238,157,"1 g430",-137.246401733018,58.1953342386258,"1996",269.285714285714,5.45714285714286
"248",1420.80578471,6559.1046238,157,"1 g430",-137.246401733018,58.1953342386258,"1999",172.142857142857,6.21428571428571
"249",1420.80578471,6559.1046238,157,"1 g430",-137.246401733018,58.1953342386258,"2003",273.6,5.4
"250",1420.80578471,6559.1046238,157,"1 g430",-137.246401733018,58.1953342386258,"2005",139.714285714286,6.68571428571429
"251",1420.80578471,6559.1046238,157,"1 g430",-137.246401733018,58.1953342386258,"2007",277.333333333333,5.26666666666667
"252",1420.80578471,6559.1046238,157,"1 g430",-137.246401733018,58.1953342386258,"2009",238.625,5.4
"253",1420.80578471,6559.1046238,157,"1 g430",-137.246401733018,58.1953342386258,"2011",229.666666666667,5.78333333333333
"254",1420.80578471,6559.1046238,157,"1 g430",-137.246401733018,58.1953342386258,"2013",259,5.52
"255",1420.80578471,6559.1046238,157,"1 g430",-137.246401733018,58.1953342386258,"2015",201.9,6.07
"256",1420.80578471,6559.1046238,157,"1 g430",-137.246401733018,58.1953342386258,"2017",202.6,6.05
"257",1425,6475,141,"1 g459",-137.501264579873,57.4592251310505,"1990",428,4.6
"258",1425,6475,141,"1 g459",-137.501264579873,57.4592251310505,"1993",300.5,4.35
"259",1425,6475,141,"1 g459",-137.501264579873,57.4592251310505,"1996",413,4.1
"260",1425,6475,141,"1 g459",-137.501264579873,57.4592251310505,"1999",335,4.6
"261",1515.06470356,6466.60026224,142,"1 g460",-136.097664998225,57.1967404153662,"1990",194.222222222222,6.25555555555556
"262",1515.06470356,6466.60026224,142,"1 g460",-136.097664998225,57.1967404153662,"1993",180.333333333333,5.58333333333333
"263",1515.06470356,6466.60026224,142,"1 g460",-136.097664998225,57.1967404153662,"1996",165.571428571429,6.17142857142857
"264",1515.06470356,6466.60026224,142,"1 g460",-136.097664998225,57.1967404153662,"1999",151.333333333333,6.15
"265",1515.06470356,6466.60026224,142,"1 g460",-136.097664998225,57.1967404153662,"2003",105.5,6.99
"266",1515.06470356,6466.60026224,142,"1 g460",-136.097664998225,57.1967404153662,"2005",144.615384615385,6.59230769230769
"267",1515.06470356,6466.60026224,142,"1 g460",-136.097664998225,57.1967404153662,"2007",142.428571428571,7.04285714285714
"268",1515.06470356,6466.60026224,142,"1 g460",-136.097664998225,57.1967404153662,"2009",162.818181818182,5.83636363636364
"269",1515.06470356,6466.60026224,142,"1 g460",-136.097664998225,57.1967404153662,"2011",201.166666666667,5.86666666666667
"270",1515.06470356,6466.60026224,142,"1 g460",-136.097664998225,57.1967404153662,"2013",172.625,5.95
"271",1515.06470356,6466.60026224,142,"1 g460",-136.097664998225,57.1967404153662,"2015",174.083333333333,6.325
"272",1515.06470356,6466.60026224,142,"1 g460",-136.097664998225,57.1967404153662,"2017",156.428571428571,6.6
"273",1525,6375,126,"1 g489",-136.304583020811,56.3873745942582,"1990",203.285714285714,5.98571428571429
"274",1525,6375,126,"1 g489",-136.304583020811,56.3873745942582,"1993",214.75,5.3
"275",1525,6375,126,"1 g489",-136.304583020811,56.3873745942582,"1996",197.25,5.675
"276",1525,6375,126,"1 g489",-136.304583020811,56.3873745942582,"1999",201.8,5.68
"277",1525,6375,126,"1 g489",-136.304583020811,56.3873745942582,"2003",195.333333333333,5.6
"278",1525,6375,126,"1 g489",-136.304583020811,56.3873745942582,"2005",185,6.05
"279",1525,6375,126,"1 g489",-136.304583020811,56.3873745942582,"2007",162.5,5.65
"280",1525,6375,126,"1 g489",-136.304583020811,56.3873745942582,"2009",188,5.6
"281",1525,6375,126,"1 g489",-136.304583020811,56.3873745942582,"2013",201.666666666667,5.6
"282",1525,6375,126,"1 g489",-136.304583020811,56.3873745942582,"2015",339.6,5.32
"283",1525,6375,126,"1 g489",-136.304583020811,56.3873745942582,"2017",200,6.23333333333333
"284",1527.99909968,6583.55755205,158,"1 g431",-135.398878521312,58.1709189942664,"2009",64,6.9
"285",1527.99909968,6583.55755205,158,"1 g431",-135.398878521312,58.1709189942664,"2011",63,7.6
"286",1622.45162666,6369.51174699,127,"1 g490",-134.826053897813,56.1221749033522,"1990",280.611111111111,5.46111111111111
"287",1622.45162666,6369.51174699,127,"1 g490",-134.826053897813,56.1221749033522,"1993",250.722222222222,4.87222222222222
"288",1622.45162666,6369.51174699,127,"1 g490",-134.826053897813,56.1221749033522,"1996",225.04,5.32
"289",1622.45162666,6369.51174699,127,"1 g490",-134.826053897813,56.1221749033522,"1999",225.722222222222,5.85
"290",1622.45162666,6369.51174699,127,"1 g490",-134.826053897813,56.1221749033522,"2003",238.142857142857,5.61904761904762
"291",1622.45162666,6369.51174699,127,"1 g490",-134.826053897813,56.1221749033522,"2005",259.666666666667,5.48333333333333
"292",1622.45162666,6369.51174699,127,"1 g490",-134.826053897813,56.1221749033522,"2007",223.538461538462,5.49230769230769
"293",1622.45162666,6369.51174699,127,"1 g490",-134.826053897813,56.1221749033522,"2009",255.294117647059,5.41176470588235
"294",1622.45162666,6369.51174699,127,"1 g490",-134.826053897813,56.1221749033522,"2011",216.538461538462,5.87692307692308
"295",1622.45162666,6369.51174699,127,"1 g490",-134.826053897813,56.1221749033522,"2013",237.3,5.53
"296",1622.45162666,6369.51174699,127,"1 g490",-134.826053897813,56.1221749033522,"2015",278.909090909091,5.57272727272727
"297",1622.45162666,6369.51174699,127,"1 g490",-134.826053897813,56.1221749033522,"2017",244.142857142857,5.42857142857143
"298",1625,6275,109,"1 g519",-135.171621953664,55.3086964455844,"1990",224.090909090909,5.94545454545455
"299",1625,6275,109,"1 g519",-135.171621953664,55.3086964455844,"1993",244.909090909091,4.75454545454545
"300",1625,6275,109,"1 g519",-135.171621953664,55.3086964455844,"1996",217.75,5.525
"301",1625,6275,109,"1 g519",-135.171621953664,55.3086964455844,"1999",422.4,4.96
"302",1625,6275,109,"1 g519",-135.171621953664,55.3086964455844,"2003",308.818181818182,5.02727272727273
"303",1625,6275,109,"1 g519",-135.171621953664,55.3086964455844,"2005",398.785714285714,5
"304",1625,6275,109,"1 g519",-135.171621953664,55.3086964455844,"2007",415.2,5.07
"305",1625,6275,109,"1 g519",-135.171621953664,55.3086964455844,"2009",327.111111111111,5.14444444444444
"306",1625,6275,109,"1 g519",-135.171621953664,55.3086964455844,"2011",381.625,5.25
"307",1625,6275,109,"1 g519",-135.171621953664,55.3086964455844,"2013",293.5,5.2
"308",1625,6275,109,"1 g519",-135.171621953664,55.3086964455844,"2015",384.545454545455,5.27272727272727
"309",1625,6275,109,"1 g519",-135.171621953664,55.3086964455844,"2017",433,4.9
"310",1628.49232292,6480.99812102,143,"1 g461",-134.252890392385,57.0578748342765,"1996",66,6.5
"311",1628.49232292,6480.99812102,143,"1 g461",-134.252890392385,57.0578748342765,"1999",213,6.6
"312",1628.49232292,6480.99812102,143,"1 g461",-134.252890392385,57.0578748342765,"2003",203,6.9
"313",1628.49232292,6480.99812102,143,"1 g461",-134.252890392385,57.0578748342765,"2011",217,5.7
"314",163.80398193,6246.06514617,94,"1 g504",-158.427333041606,56.240176034614,"1993",48.3333333333333,7.16666666666667
"315",163.80398193,6246.06514617,94,"1 g504",-158.427333041606,56.240176034614,"1996",52.5,4.7
"316",163.80398193,6246.06514617,94,"1 g504",-158.427333041606,56.240176034614,"2001",67,5.75
"317",163.80398193,6246.06514617,94,"1 g504",-158.427333041606,56.240176034614,"2007",48.5,4.95
"318",163.80398193,6246.06514617,94,"1 g504",-158.427333041606,56.240176034614,"2011",31,5.6
"319",163.80398193,6246.06514617,94,"1 g504",-158.427333041606,56.240176034614,"2013",47,5.4
"320",163.80398193,6246.06514617,94,"1 g504",-158.427333041606,56.240176034614,"2015",82,6
"321",163.80398193,6246.06514617,94,"1 g504",-158.427333041606,56.240176034614,"2017",41,6.1
"322",1709.33824099,6199.15429668,92,"1 g549",-134.227107007365,54.4669109148092,"1990",249,5.675
"323",1709.33824099,6199.15429668,92,"1 g549",-134.227107007365,54.4669109148092,"1993",242,4.65
"324",1709.33824099,6199.15429668,92,"1 g549",-134.227107007365,54.4669109148092,"1996",258.285714285714,5.02857142857143
"325",1709.33824099,6199.15429668,92,"1 g549",-134.227107007365,54.4669109148092,"1999",289.5,5.35
"326",1709.33824099,6199.15429668,92,"1 g549",-134.227107007365,54.4669109148092,"2003",233,5.2
"327",1709.33824099,6199.15429668,92,"1 g549",-134.227107007365,54.4669109148092,"2005",240.333333333333,5.46666666666667
"328",1709.33824099,6199.15429668,92,"1 g549",-134.227107007365,54.4669109148092,"2007",243.666666666667,5.36666666666667
"329",1709.33824099,6199.15429668,92,"1 g549",-134.227107007365,54.4669109148092,"2011",266,5.63333333333333
"330",1709.33824099,6199.15429668,92,"1 g549",-134.227107007365,54.4669109148092,"2015",246,5.8
"331",1711.16902138,6374.45480845,128,"1 g491",-133.457431395032,55.9504905464038,"1996",123,7.5
"332",1711.16902138,6374.45480845,128,"1 g491",-133.457431395032,55.9504905464038,"1999",159.714285714286,6.67142857142857
"333",1711.16902138,6374.45480845,128,"1 g491",-133.457431395032,55.9504905464038,"2003",202.833333333333,6.63333333333333
"334",1711.16902138,6374.45480845,128,"1 g491",-133.457431395032,55.9504905464038,"2005",145.5,7.11666666666667
"335",1711.16902138,6374.45480845,128,"1 g491",-133.457431395032,55.9504905464038,"2007",136.142857142857,7.34285714285714
"336",1711.16902138,6374.45480845,128,"1 g491",-133.457431395032,55.9504905464038,"2009",175.75,6.3
"337",1711.16902138,6374.45480845,128,"1 g491",-133.457431395032,55.9504905464038,"2011",150.6,6.82
"338",1711.16902138,6374.45480845,128,"1 g491",-133.457431395032,55.9504905464038,"2013",277,5.5
"339",1711.16902138,6374.45480845,128,"1 g491",-133.457431395032,55.9504905464038,"2015",155.285714285714,7.3
"340",1711.16902138,6374.45480845,128,"1 g491",-133.457431395032,55.9504905464038,"2017",125.333333333333,6.96666666666667
"341",1720.89428364,6270.37448468,110,"1 g520",-133.762998316141,55.0444214539835,"1990",217.333333333333,6.21111111111111
"342",1720.89428364,6270.37448468,110,"1 g520",-133.762998316141,55.0444214539835,"1993",191.9375,5.6875
"343",1720.89428364,6270.37448468,110,"1 g520",-133.762998316141,55.0444214539835,"1996",159.333333333333,6.31111111111111
"344",1720.89428364,6270.37448468,110,"1 g520",-133.762998316141,55.0444214539835,"1999",215.222222222222,5.87777777777778
"345",1720.89428364,6270.37448468,110,"1 g520",-133.762998316141,55.0444214539835,"2003",176.789473684211,5.94210526315789
"346",1720.89428364,6270.37448468,110,"1 g520",-133.762998316141,55.0444214539835,"2005",163.884615384615,6.55
"347",1720.89428364,6270.37448468,110,"1 g520",-133.762998316141,55.0444214539835,"2007",151.4375,6.4125
"348",1720.89428364,6270.37448468,110,"1 g520",-133.762998316141,55.0444214539835,"2009",183.565217391304,5.94347826086956
"349",1720.89428364,6270.37448468,110,"1 g520",-133.762998316141,55.0444214539835,"2011",140.384615384615,6.76153846153846
"350",1720.89428364,6270.37448468,110,"1 g520",-133.762998316141,55.0444214539835,"2013",173,6
"351",1720.89428364,6270.37448468,110,"1 g520",-133.762998316141,55.0444214539835,"2015",174.538461538462,6.61538461538461
"352",1720.89428364,6270.37448468,110,"1 g520",-133.762998316141,55.0444214539835,"2017",174.1,6.32
"353",1828.70293013,6268.78406399,111,"1 g521",-132.190392569269,54.7595505772749,"1996",314,5.1
"354",1828.70293013,6268.78406399,111,"1 g521",-132.190392569269,54.7595505772749,"1999",307,5.58333333333333
"355",1828.70293013,6268.78406399,111,"1 g521",-132.190392569269,54.7595505772749,"2003",379,4.9
"356",1828.70293013,6268.78406399,111,"1 g521",-132.190392569269,54.7595505772749,"2005",350.25,5.2
"357",1828.70293013,6268.78406399,111,"1 g521",-132.190392569269,54.7595505772749,"2007",372,5.2
"358",1828.70293013,6268.78406399,111,"1 g521",-132.190392569269,54.7595505772749,"2009",383,5.25
"359",1828.70293013,6268.78406399,111,"1 g521",-132.190392569269,54.7595505772749,"2011",278,5.6
"360",1828.70293013,6268.78406399,111,"1 g521",-132.190392569269,54.7595505772749,"2013",392,5
"361",1828.70293013,6268.78406399,111,"1 g521",-132.190392569269,54.7595505772749,"2015",223.666666666667,5.9
"362",1828.70293013,6268.78406399,111,"1 g521",-132.190392569269,54.7595505772749,"2017",166.5,6.2
"363",224.91632982,6174.92063434,79,"1 g534",-157.371908501577,55.642120999765,"1990",110.142857142857,4.91428571428571
"364",224.91632982,6174.92063434,79,"1 g534",-157.371908501577,55.642120999765,"1993",131.76,5.636
"365",224.91632982,6174.92063434,79,"1 g534",-157.371908501577,55.642120999765,"1996",119.653846153846,5.23846153846154
"366",224.91632982,6174.92063434,79,"1 g534",-157.371908501577,55.642120999765,"1999",122.217391304348,4.03913043478261
"367",224.91632982,6174.92063434,79,"1 g534",-157.371908501577,55.642120999765,"2001",99.7857142857143,5.62142857142857
"368",224.91632982,6174.92063434,79,"1 g534",-157.371908501577,55.642120999765,"2003",102.37037037037,6.22592592592593
"369",224.91632982,6174.92063434,79,"1 g534",-157.371908501577,55.642120999765,"2005",98.2857142857143,5.13571428571429
"370",224.91632982,6174.92063434,79,"1 g534",-157.371908501577,55.642120999765,"2007",96.3846153846154,4.38846153846154
"371",224.91632982,6174.92063434,79,"1 g534",-157.371908501577,55.642120999765,"2009",106.8125,4.378125
"372",224.91632982,6174.92063434,79,"1 g534",-157.371908501577,55.642120999765,"2011",100.318181818182,4.90909090909091
"373",224.91632982,6174.92063434,79,"1 g534",-157.371908501577,55.642120999765,"2013",109.47619047619,4.75714285714286
"374",224.91632982,6174.92063434,79,"1 g534",-157.371908501577,55.642120999765,"2015",121.333333333333,6.10833333333333
"375",224.91632982,6174.92063434,79,"1 g534",-157.371908501577,55.642120999765,"2017",120.894736842105,5.28421052631579
"376",225,6075,64,"1 g563",-157.273453299919,54.7468229681047,"1993",206.333333333333,5.18333333333333
"377",225,6075,64,"1 g563",-157.273453299919,54.7468229681047,"1996",226.2,5.04
"378",225,6075,64,"1 g563",-157.273453299919,54.7468229681047,"1999",317.230769230769,4.26923076923077
"379",225,6075,64,"1 g563",-157.273453299919,54.7468229681047,"2001",215.933333333333,5.46666666666667
"380",225,6075,64,"1 g563",-157.273453299919,54.7468229681047,"2003",223,5.26666666666667
"381",225,6075,64,"1 g563",-157.273453299919,54.7468229681047,"2005",322.6,4.52
"382",225,6075,64,"1 g563",-157.273453299919,54.7468229681047,"2007",357.785714285714,4.25714285714286
"383",225,6075,64,"1 g563",-157.273453299919,54.7468229681047,"2009",219.666666666667,4.65833333333333
"384",225,6075,64,"1 g563",-157.273453299919,54.7468229681047,"2011",223.6,4.85
"385",225,6075,64,"1 g563",-157.273453299919,54.7468229681047,"2013",175,5.01818181818182
"386",225,6075,64,"1 g563",-157.273453299919,54.7468229681047,"2015",185.333333333333,5.21333333333333
"387",225,6075,64,"1 g563",-157.273453299919,54.7468229681047,"2017",238.4,5
"388",231.55321032,6262.40871602,95,"1 g505",-157.354296021394,56.4296750024395,"1990",111.333333333333,6.53333333333333
"389",231.55321032,6262.40871602,95,"1 g505",-157.354296021394,56.4296750024395,"1993",134.529411764706,5.78235294117647
"390",231.55321032,6262.40871602,95,"1 g505",-157.354296021394,56.4296750024395,"1996",87,5.1375
"391",231.55321032,6262.40871602,95,"1 g505",-157.354296021394,56.4296750024395,"1999",127.666666666667,3.71111111111111
"392",231.55321032,6262.40871602,95,"1 g505",-157.354296021394,56.4296750024395,"2001",83.1666666666667,6.1
"393",231.55321032,6262.40871602,95,"1 g505",-157.354296021394,56.4296750024395,"2003",102,6.6
"394",231.55321032,6262.40871602,95,"1 g505",-157.354296021394,56.4296750024395,"2005",99.6153846153846,6.06153846153846
"395",231.55321032,6262.40871602,95,"1 g505",-157.354296021394,56.4296750024395,"2007",100.857142857143,4.96428571428571
"396",231.55321032,6262.40871602,95,"1 g505",-157.354296021394,56.4296750024395,"2009",80.9166666666667,4.24166666666667
"397",231.55321032,6262.40871602,95,"1 g505",-157.354296021394,56.4296750024395,"2011",96.1538461538462,5.23076923076923
"398",231.55321032,6262.40871602,95,"1 g505",-157.354296021394,56.4296750024395,"2013",128.454545454545,4.44545454545455
"399",231.55321032,6262.40871602,95,"1 g505",-157.354296021394,56.4296750024395,"2015",120.375,6.225
"400",231.55321032,6262.40871602,95,"1 g505",-157.354296021394,56.4296750024395,"2017",83.9,6.37
"401",24.66524545,6074.45932642,62,"1 g561",-160.363186550199,54.5930450176326,"1993",124.904761904762,5.24285714285714
"402",24.66524545,6074.45932642,62,"1 g561",-160.363186550199,54.5930450176326,"1996",175.368421052632,4.82631578947368
"403",24.66524545,6074.45932642,62,"1 g561",-160.363186550199,54.5930450176326,"1999",100.25,3.19375
"404",24.66524545,6074.45932642,62,"1 g561",-160.363186550199,54.5930450176326,"2001",134.5,5.29285714285714
"405",24.66524545,6074.45932642,62,"1 g561",-160.363186550199,54.5930450176326,"2003",113.413793103448,5.70344827586207
"406",24.66524545,6074.45932642,62,"1 g561",-160.363186550199,54.5930450176326,"2005",144.90625,5.05
"407",24.66524545,6074.45932642,62,"1 g561",-160.363186550199,54.5930450176326,"2007",163.212121212121,4.0030303030303
"408",24.66524545,6074.45932642,62,"1 g561",-160.363186550199,54.5930450176326,"2009",146.371428571429,4.01142857142857
"409",24.66524545,6074.45932642,62,"1 g561",-160.363186550199,54.5930450176326,"2011",131.210526315789,4.37368421052632
"410",24.66524545,6074.45932642,62,"1 g561",-160.363186550199,54.5930450176326,"2013",132.045454545455,4.84545454545455
"411",24.66524545,6074.45932642,62,"1 g561",-160.363186550199,54.5930450176326,"2015",124.88,5.88
"412",24.66524545,6074.45932642,62,"1 g561",-160.363186550199,54.5930450176326,"2017",121.5,4.93333333333333
"413",30.99342198,6157.78134885,77,"1 g532",-160.402097402299,55.3415877584873,"1990",128,3.1
"414",30.99342198,6157.78134885,77,"1 g532",-160.402097402299,55.3415877584873,"1993",93.0833333333333,5.44166666666667
"415",30.99342198,6157.78134885,77,"1 g532",-160.402097402299,55.3415877584873,"1996",90.8888888888889,4.32222222222222
"416",30.99342198,6157.78134885,77,"1 g532",-160.402097402299,55.3415877584873,"1999",70.8,2.84
"417",30.99342198,6157.78134885,77,"1 g532",-160.402097402299,55.3415877584873,"2001",69.7,5.08
"418",30.99342198,6157.78134885,77,"1 g532",-160.402097402299,55.3415877584873,"2003",71.5,5.86363636363636
"419",30.99342198,6157.78134885,77,"1 g532",-160.402097402299,55.3415877584873,"2005",79.4375,5.1625
"420",30.99342198,6157.78134885,77,"1 g532",-160.402097402299,55.3415877584873,"2007",74.8181818181818,3.53636363636364
"421",30.99342198,6157.78134885,77,"1 g532",-160.402097402299,55.3415877584873,"2009",67.8333333333333,3.88333333333333
"422",30.99342198,6157.78134885,77,"1 g532",-160.402097402299,55.3415877584873,"2011",68.5625,4.43125
"423",30.99342198,6157.78134885,77,"1 g532",-160.402097402299,55.3415877584873,"2013",65.8571428571429,4.72142857142857
"424",30.99342198,6157.78134885,77,"1 g532",-160.402097402299,55.3415877584873,"2015",86.625,5.63125
"425",30.99342198,6157.78134885,77,"1 g532",-160.402097402299,55.3415877584873,"2017",81.6666666666667,4.84444444444444
"426",324.87193435,6174.82088817,80,"1 g535",-155.785954565381,55.6875261120951,"1990",311.666666666667,4.6
"427",324.87193435,6174.82088817,80,"1 g535",-155.785954565381,55.6875261120951,"1993",184.714285714286,5.92857142857143
"428",324.87193435,6174.82088817,80,"1 g535",-155.785954565381,55.6875261120951,"1996",172.58064516129,5.75483870967742
"429",324.87193435,6174.82088817,80,"1 g535",-155.785954565381,55.6875261120951,"1999",252.423076923077,5.00769230769231
"430",324.87193435,6174.82088817,80,"1 g535",-155.785954565381,55.6875261120951,"2001",128.95,5.935
"431",324.87193435,6174.82088817,80,"1 g535",-155.785954565381,55.6875261120951,"2003",137.952380952381,6.16190476190476
"432",324.87193435,6174.82088817,80,"1 g535",-155.785954565381,55.6875261120951,"2005",215.818181818182,5.32272727272727
"433",324.87193435,6174.82088817,80,"1 g535",-155.785954565381,55.6875261120951,"2007",170.703703703704,5.1
"434",324.87193435,6174.82088817,80,"1 g535",-155.785954565381,55.6875261120951,"2009",201.576923076923,5.08461538461538
"435",324.87193435,6174.82088817,80,"1 g535",-155.785954565381,55.6875261120951,"2011",162.724137931034,5.56206896551724
"436",324.87193435,6174.82088817,80,"1 g535",-155.785954565381,55.6875261120951,"2013",147.615384615385,5.65384615384615
"437",324.87193435,6174.82088817,80,"1 g535",-155.785954565381,55.6875261120951,"2015",203.692307692308,5.93461538461538
"438",324.87193435,6174.82088817,80,"1 g535",-155.785954565381,55.6875261120951,"2017",145.111111111111,6.06666666666667
"439",325,6075,65,"1 g564",-155.721975489706,54.7916109311662,"1999",569,3.8
"440",325,6075,65,"1 g564",-155.721975489706,54.7916109311662,"2001",408,4.2
"441",325,6075,65,"1 g564",-155.721975489706,54.7916109311662,"2003",517,3.7
"442",325,6075,65,"1 g564",-155.721975489706,54.7916109311662,"2005",390.5,4.05
"443",325,6075,65,"1 g564",-155.721975489706,54.7916109311662,"2007",399,4.4
"444",325,6075,65,"1 g564",-155.721975489706,54.7916109311662,"2009",741,3.6
"445",325,6075,65,"1 g564",-155.721975489706,54.7916109311662,"2011",462.5,4.25
"446",325,6075,65,"1 g564",-155.721975489706,54.7916109311662,"2013",397,4.4
"447",325,6075,65,"1 g564",-155.721975489706,54.7916109311662,"2015",513.5,3.85
"448",325,6075,65,"1 g564",-155.721975489706,54.7916109311662,"2017",526,4
"449",325.10490907,6274.88408045,96,"1 g506",-155.847916761579,56.58556693901,"1990",212.5,4.65
"450",325.10490907,6274.88408045,96,"1 g506",-155.847916761579,56.58556693901,"1993",173.3,6.01333333333333
"451",325.10490907,6274.88408045,96,"1 g506",-155.847916761579,56.58556693901,"1996",161.125,5.65
"452",325.10490907,6274.88408045,96,"1 g506",-155.847916761579,56.58556693901,"1999",202.304347826087,4.7
"453",325.10490907,6274.88408045,96,"1 g506",-155.847916761579,56.58556693901,"2001",139.434782608696,6.20434782608696
"454",325.10490907,6274.88408045,96,"1 g506",-155.847916761579,56.58556693901,"2003",143.04,6.264
"455",325.10490907,6274.88408045,96,"1 g506",-155.847916761579,56.58556693901,"2005",147.5,5.825
"456",325.10490907,6274.88408045,96,"1 g506",-155.847916761579,56.58556693901,"2007",158.806451612903,4.94838709677419
"457",325.10490907,6274.88408045,96,"1 g506",-155.847916761579,56.58556693901,"2009",135.222222222222,5.03703703703704
"458",325.10490907,6274.88408045,96,"1 g506",-155.847916761579,56.58556693901,"2011",145.310344827586,5.57586206896552
"459",325.10490907,6274.88408045,96,"1 g506",-155.847916761579,56.58556693901,"2013",110.9,6.185
"460",325.10490907,6274.88408045,96,"1 g506",-155.847916761579,56.58556693901,"2015",149.392857142857,6.52857142857143
"461",325.10490907,6274.88408045,96,"1 g506",-155.847916761579,56.58556693901,"2017",161.608695652174,5.77391304347826
"462",339.59900766,6358.96678882,114,"1 g477",-155.665572222807,57.3453027675954,"1993",191.555555555556,6.35555555555556
"463",339.59900766,6358.96678882,114,"1 g477",-155.665572222807,57.3453027675954,"1996",202.25,5.75
"464",339.59900766,6358.96678882,114,"1 g477",-155.665572222807,57.3453027675954,"1999",147.125,5.525
"465",339.59900766,6358.96678882,114,"1 g477",-155.665572222807,57.3453027675954,"2001",148.2,6.76
"466",339.59900766,6358.96678882,114,"1 g477",-155.665572222807,57.3453027675954,"2003",161.6,6.06
"467",339.59900766,6358.96678882,114,"1 g477",-155.665572222807,57.3453027675954,"2005",134.285714285714,6.92857142857143
"468",339.59900766,6358.96678882,114,"1 g477",-155.665572222807,57.3453027675954,"2007",179.666666666667,4.88888888888889
"469",339.59900766,6358.96678882,114,"1 g477",-155.665572222807,57.3453027675954,"2009",152.9,5.7
"470",339.59900766,6358.96678882,114,"1 g477",-155.665572222807,57.3453027675954,"2011",146.5,5.71666666666667
"471",339.59900766,6358.96678882,114,"1 g477",-155.665572222807,57.3453027675954,"2013",152.571428571429,5.91428571428571
"472",339.59900766,6358.96678882,114,"1 g477",-155.665572222807,57.3453027675954,"2015",97.9090909090909,8.25454545454545
"473",339.59900766,6358.96678882,114,"1 g477",-155.665572222807,57.3453027675954,"2017",179,6.53333333333333
"474",410.85604407,6384.98318816,115,"1 g478",-154.491534715295,57.598428993601,"1990",222,4.76666666666667
"475",410.85604407,6384.98318816,115,"1 g478",-154.491534715295,57.598428993601,"1993",164.769230769231,5.85384615384615
"476",410.85604407,6384.98318816,115,"1 g478",-154.491534715295,57.598428993601,"1996",151.428571428571,5.44285714285714
"477",410.85604407,6384.98318816,115,"1 g478",-154.491534715295,57.598428993601,"1999",188.909090909091,4.38181818181818
"478",410.85604407,6384.98318816,115,"1 g478",-154.491534715295,57.598428993601,"2001",154.666666666667,5.71666666666667
"479",410.85604407,6384.98318816,115,"1 g478",-154.491534715295,57.598428993601,"2003",135.142857142857,6.56428571428571
"480",410.85604407,6384.98318816,115,"1 g478",-154.491534715295,57.598428993601,"2005",137.090909090909,6.16363636363636
"481",410.85604407,6384.98318816,115,"1 g478",-154.491534715295,57.598428993601,"2007",115.368421052632,4.71052631578947
"482",410.85604407,6384.98318816,115,"1 g478",-154.491534715295,57.598428993601,"2009",123,5.225
"483",410.85604407,6384.98318816,115,"1 g478",-154.491534715295,57.598428993601,"2011",129.333333333333,5.36666666666667
"484",410.85604407,6384.98318816,115,"1 g478",-154.491534715295,57.598428993601,"2013",140,5.27272727272727
"485",410.85604407,6384.98318816,115,"1 g478",-154.491534715295,57.598428993601,"2015",166.642857142857,6.1
"486",410.85604407,6384.98318816,115,"1 g478",-154.491534715295,57.598428993601,"2017",161.3,5.22
"487",423.7857717,6271.32995102,97,"1 g507",-154.24069645237,56.5800548157453,"1990",40,8.5
"488",423.7857717,6271.32995102,97,"1 g507",-154.24069645237,56.5800548157453,"1993",91.1904761904762,7.13809523809524
"489",423.7857717,6271.32995102,97,"1 g507",-154.24069645237,56.5800548157453,"1996",89.625,6.203125
"490",423.7857717,6271.32995102,97,"1 g507",-154.24069645237,56.5800548157453,"1999",56.4615384615385,5.73846153846154
"491",423.7857717,6271.32995102,97,"1 g507",-154.24069645237,56.5800548157453,"2001",65.3333333333333,7.18571428571429
"492",423.7857717,6271.32995102,97,"1 g507",-154.24069645237,56.5800548157453,"2003",88.3448275862069,7.21034482758621
"493",423.7857717,6271.32995102,97,"1 g507",-154.24069645237,56.5800548157453,"2005",65.34375,7.0125
"494",423.7857717,6271.32995102,97,"1 g507",-154.24069645237,56.5800548157453,"2007",83.3243243243243,5.30810810810811
"495",423.7857717,6271.32995102,97,"1 g507",-154.24069645237,56.5800548157453,"2009",80.09375,5.621875
"496",423.7857717,6271.32995102,97,"1 g507",-154.24069645237,56.5800548157453,"2011",60.1875,6.54375
"497",423.7857717,6271.32995102,97,"1 g507",-154.24069645237,56.5800548157453,"2013",80.5555555555556,6.30555555555556
"498",423.7857717,6271.32995102,97,"1 g507",-154.24069645237,56.5800548157453,"2015",80.92,7.412
"499",423.7857717,6271.32995102,97,"1 g507",-154.24069645237,56.5800548157453,"2017",61,7.07777777777778
"500",425,6175,81,"1 g536",-154.193803111018,55.7149441413734,"1990",139,5.1
"501",425,6175,81,"1 g536",-154.193803111018,55.7149441413734,"1993",177.5,5.63
"502",425,6175,81,"1 g536",-154.193803111018,55.7149441413734,"1996",287,4.95
"503",425,6175,81,"1 g536",-154.193803111018,55.7149441413734,"1999",465.4,4.44
"504",425,6175,81,"1 g536",-154.193803111018,55.7149441413734,"2001",203.8,5.15
"505",425,6175,81,"1 g536",-154.193803111018,55.7149441413734,"2003",228.166666666667,5.1
"506",425,6175,81,"1 g536",-154.193803111018,55.7149441413734,"2005",381.375,4.375
"507",425,6175,81,"1 g536",-154.193803111018,55.7149441413734,"2007",325,4.57
"508",425,6175,81,"1 g536",-154.193803111018,55.7149441413734,"2009",330.291666666667,4.61666666666667
"509",425,6175,81,"1 g536",-154.193803111018,55.7149441413734,"2011",313.909090909091,4.71818181818182
"510",425,6175,81,"1 g536",-154.193803111018,55.7149441413734,"2013",356.666666666667,4.55
"511",425,6175,81,"1 g536",-154.193803111018,55.7149441413734,"2015",303.75,4.95625
"512",425,6175,81,"1 g536",-154.193803111018,55.7149441413734,"2017",230.909090909091,5.50909090909091
"513",446.88075314,6454.67432962,131,"1 g449",-153.904486499055,58.2300056118081,"1990",159,6
"514",446.88075314,6454.67432962,131,"1 g449",-153.904486499055,58.2300056118081,"1993",135.2,5.34
"515",446.88075314,6454.67432962,131,"1 g449",-153.904486499055,58.2300056118081,"1996",142.4,5.43
"516",446.88075314,6454.67432962,131,"1 g449",-153.904486499055,58.2300056118081,"1999",142,5.01111111111111
"517",446.88075314,6454.67432962,131,"1 g449",-153.904486499055,58.2300056118081,"2001",127.2,6.56
"518",446.88075314,6454.67432962,131,"1 g449",-153.904486499055,58.2300056118081,"2003",134.125,6.25
"519",446.88075314,6454.67432962,131,"1 g449",-153.904486499055,58.2300056118081,"2005",140.625,6.1375
"520",446.88075314,6454.67432962,131,"1 g449",-153.904486499055,58.2300056118081,"2007",85.1428571428571,5.41428571428571
"521",446.88075314,6454.67432962,131,"1 g449",-153.904486499055,58.2300056118081,"2009",135,5.53333333333333
"522",446.88075314,6454.67432962,131,"1 g449",-153.904486499055,58.2300056118081,"2011",120.5,5.4875
"523",446.88075314,6454.67432962,131,"1 g449",-153.904486499055,58.2300056118081,"2013",137.75,5.275
"524",446.88075314,6454.67432962,131,"1 g449",-153.904486499055,58.2300056118081,"2015",149.111111111111,6.28888888888889
"525",446.88075314,6454.67432962,131,"1 g449",-153.904486499055,58.2300056118081,"2017",137,6.44
"526",457.48069428,6570.12794063,147,"1 g420",-153.74589349434,59.2679591151509,"1999",22,8.06666666666667
"527",457.48069428,6570.12794063,147,"1 g420",-153.74589349434,59.2679591151509,"2001",29,12.3
"528",457.48069428,6570.12794063,147,"1 g420",-153.74589349434,59.2679591151509,"2003",20.3333333333333,10.9333333333333
"529",457.48069428,6570.12794063,147,"1 g420",-153.74589349434,59.2679591151509,"2007",28.5,8.05
"530",457.48069428,6570.12794063,147,"1 g420",-153.74589349434,59.2679591151509,"2009",25,8.53333333333333
"531",457.48069428,6570.12794063,147,"1 g420",-153.74589349434,59.2679591151509,"2011",13,9.9
"532",457.48069428,6570.12794063,147,"1 g420",-153.74589349434,59.2679591151509,"2013",18.5,9.8
"533",457.48069428,6570.12794063,147,"1 g420",-153.74589349434,59.2679591151509,"2015",23,11.4
"534",457.48069428,6570.12794063,147,"1 g420",-153.74589349434,59.2679591151509,"2017",22.5,10.45
"535",524.18026341,6573.91210876,148,"1 g421",-152.57538147074,59.3033864160491,"1990",81.1428571428571,9.18571428571429
"536",524.18026341,6573.91210876,148,"1 g421",-152.57538147074,59.3033864160491,"1993",95.4545454545455,7.92272727272727
"537",524.18026341,6573.91210876,148,"1 g421",-152.57538147074,59.3033864160491,"1996",99.5714285714286,7.74285714285714
"538",524.18026341,6573.91210876,148,"1 g421",-152.57538147074,59.3033864160491,"1999",76.5,6.9
"539",524.18026341,6573.91210876,148,"1 g421",-152.57538147074,59.3033864160491,"2001",96.2857142857143,8
"540",524.18026341,6573.91210876,148,"1 g421",-152.57538147074,59.3033864160491,"2003",66.5454545454545,8.76363636363636
"541",524.18026341,6573.91210876,148,"1 g421",-152.57538147074,59.3033864160491,"2005",54.6666666666667,8.95555555555556
"542",524.18026341,6573.91210876,148,"1 g421",-152.57538147074,59.3033864160491,"2007",81.0666666666667,6.91333333333333
"543",524.18026341,6573.91210876,148,"1 g421",-152.57538147074,59.3033864160491,"2009",68.1111111111111,7.02222222222222
"544",524.18026341,6573.91210876,148,"1 g421",-152.57538147074,59.3033864160491,"2011",89.5555555555556,7
"545",524.18026341,6573.91210876,148,"1 g421",-152.57538147074,59.3033864160491,"2013",87.5454545454545,7.08181818181818
"546",524.18026341,6573.91210876,148,"1 g421",-152.57538147074,59.3033864160491,"2015",82,8.96315789473684
"547",524.18026341,6573.91210876,148,"1 g421",-152.57538147074,59.3033864160491,"2017",113.272727272727,7.47272727272727
"548",525,6175,82,"1 g537",-152.602022539592,55.7201006135022,"1999",558,3.9
"549",525,6175,82,"1 g537",-152.602022539592,55.7201006135022,"2011",548,4.1
"550",525.22847067,6274.74658912,98,"1 g508",-152.588922358587,56.6162592989317,"1993",142.75,6.05625
"551",525.22847067,6274.74658912,98,"1 g508",-152.588922358587,56.6162592989317,"1996",147.769230769231,5.40769230769231
"552",525.22847067,6274.74658912,98,"1 g508",-152.588922358587,56.6162592989317,"1999",134.923076923077,5.43846153846154
"553",525.22847067,6274.74658912,98,"1 g508",-152.588922358587,56.6162592989317,"2001",127.083333333333,6.2
"554",525.22847067,6274.74658912,98,"1 g508",-152.588922358587,56.6162592989317,"2003",134,6.23225806451613
"555",525.22847067,6274.74658912,98,"1 g508",-152.588922358587,56.6162592989317,"2005",120.034482758621,5.83448275862069
"556",525.22847067,6274.74658912,98,"1 g508",-152.588922358587,56.6162592989317,"2007",172.666666666667,4.9
"557",525.22847067,6274.74658912,98,"1 g508",-152.588922358587,56.6162592989317,"2009",111.90625,5.090625
"558",525.22847067,6274.74658912,98,"1 g508",-152.588922358587,56.6162592989317,"2011",111.521739130435,5.47391304347826
"559",525.22847067,6274.74658912,98,"1 g508",-152.588922358587,56.6162592989317,"2013",117.181818181818,5.53636363636364
"560",525.22847067,6274.74658912,98,"1 g508",-152.588922358587,56.6162592989317,"2015",111.740740740741,6.62592592592593
"561",525.22847067,6274.74658912,98,"1 g508",-152.588922358587,56.6162592989317,"2017",127.526315789474,5.78947368421053
"562",526.65732935,6480.52923357,132,"1 g450",-152.543080024858,58.4646109981744,"1990",171.2,5.42
"563",526.65732935,6480.52923357,132,"1 g450",-152.543080024858,58.4646109981744,"1993",137.1,6.18
"564",526.65732935,6480.52923357,132,"1 g450",-152.543080024858,58.4646109981744,"1996",114.882352941176,6
"565",526.65732935,6480.52923357,132,"1 g450",-152.543080024858,58.4646109981744,"1999",129.5,5.18333333333333
"566",526.65732935,6480.52923357,132,"1 g450",-152.543080024858,58.4646109981744,"2001",102.3,7.315
"567",526.65732935,6480.52923357,132,"1 g450",-152.543080024858,58.4646109981744,"2003",119.64,7.292
"568",526.65732935,6480.52923357,132,"1 g450",-152.543080024858,58.4646109981744,"2005",112.227272727273,7.03636363636364
"569",526.65732935,6480.52923357,132,"1 g450",-152.543080024858,58.4646109981744,"2007",123.833333333333,5.39583333333333
"570",526.65732935,6480.52923357,132,"1 g450",-152.543080024858,58.4646109981744,"2009",98.6521739130435,5.56086956521739
"571",526.65732935,6480.52923357,132,"1 g450",-152.543080024858,58.4646109981744,"2011",129.315789473684,5.68421052631579
"572",526.65732935,6480.52923357,132,"1 g450",-152.543080024858,58.4646109981744,"2013",80.2307692307692,5.83846153846154
"573",526.65732935,6480.52923357,132,"1 g450",-152.543080024858,58.4646109981744,"2015",137.833333333333,6.88888888888889
"574",526.65732935,6480.52923357,132,"1 g450",-152.543080024858,58.4646109981744,"2017",103.416666666667,6.50833333333333
"575",541.02221991,6370.72501947,116,"1 g479",-152.31592521805,57.477297906792,"1993",88.0625,7.41875
"576",541.02221991,6370.72501947,116,"1 g479",-152.31592521805,57.477297906792,"1996",119.888888888889,5.8
"577",541.02221991,6370.72501947,116,"1 g479",-152.31592521805,57.477297906792,"1999",92.7142857142857,5.74285714285714
"578",541.02221991,6370.72501947,116,"1 g479",-152.31592521805,57.477297906792,"2001",84,7.11111111111111
"579",541.02221991,6370.72501947,116,"1 g479",-152.31592521805,57.477297906792,"2003",101.466666666667,6.97333333333333
"580",541.02221991,6370.72501947,116,"1 g479",-152.31592521805,57.477297906792,"2005",85.92,7.18
"581",541.02221991,6370.72501947,116,"1 g479",-152.31592521805,57.477297906792,"2007",68.5555555555556,6.10555555555556
"582",541.02221991,6370.72501947,116,"1 g479",-152.31592521805,57.477297906792,"2009",86.9375,5.84375
"583",541.02221991,6370.72501947,116,"1 g479",-152.31592521805,57.477297906792,"2011",76.3157894736842,6.08421052631579
"584",541.02221991,6370.72501947,116,"1 g479",-152.31592521805,57.477297906792,"2013",102.888888888889,5.9
"585",541.02221991,6370.72501947,116,"1 g479",-152.31592521805,57.477297906792,"2015",75.3636363636364,7.65454545454545
"586",541.02221991,6370.72501947,116,"1 g479",-152.31592521805,57.477297906792,"2017",94.3333333333333,6.9
"587",545.74606148,6667.45039572,162,"1 g392",-152.176316927818,60.1414579946319,"1990",20,11
"588",545.74606148,6667.45039572,162,"1 g392",-152.176316927818,60.1414579946319,"1993",49.5,10.25
"589",545.74606148,6667.45039572,162,"1 g392",-152.176316927818,60.1414579946319,"2001",24,10
"590",545.74606148,6667.45039572,162,"1 g392",-152.176316927818,60.1414579946319,"2003",35,9.9
"591",545.74606148,6667.45039572,162,"1 g392",-152.176316927818,60.1414579946319,"2005",29,9.53333333333333
"592",545.74606148,6667.45039572,162,"1 g392",-152.176316927818,60.1414579946319,"2011",51,8.64
"593",545.74606148,6667.45039572,162,"1 g392",-152.176316927818,60.1414579946319,"2013",65,8
"594",545.74606148,6667.45039572,162,"1 g392",-152.176316927818,60.1414579946319,"2015",46,10
"595",545.74606148,6667.45039572,162,"1 g392",-152.176316927818,60.1414579946319,"2017",27.3333333333333,9.83333333333333
"596",625,6275,99,"1 g509",-150.963801304781,56.6025522548186,"1996",195.5,5.525
"597",625,6275,99,"1 g509",-150.963801304781,56.6025522548186,"1999",559.5,4.1
"598",625,6275,99,"1 g509",-150.963801304781,56.6025522548186,"2003",226.5,5.275
"599",625,6275,99,"1 g509",-150.963801304781,56.6025522548186,"2005",388.5,4.55
"600",625,6275,99,"1 g509",-150.963801304781,56.6025522548186,"2007",380,4.5
"601",625,6275,99,"1 g509",-150.963801304781,56.6025522548186,"2009",333.2,4.66
"602",625,6275,99,"1 g509",-150.963801304781,56.6025522548186,"2011",201.5,5.275
"603",625,6275,99,"1 g509",-150.963801304781,56.6025522548186,"2013",610,4
"604",625,6275,99,"1 g509",-150.963801304781,56.6025522548186,"2015",300.857142857143,5.17142857142857
"605",625,6275,99,"1 g509",-150.963801304781,56.6025522548186,"2017",305.8,5.24
"606",625,6375,117,"1 g480",-150.9140505672,57.5003123413307,"1990",180.857142857143,5.55714285714286
"607",625,6375,117,"1 g480",-150.9140505672,57.5003123413307,"1993",160.2,6.38666666666667
"608",625,6375,117,"1 g480",-150.9140505672,57.5003123413307,"1996",175.578947368421,5.81578947368421
"609",625,6375,117,"1 g480",-150.9140505672,57.5003123413307,"1999",172.909090909091,5.51363636363636
"610",625,6375,117,"1 g480",-150.9140505672,57.5003123413307,"2001",141.111111111111,6.24444444444444
"611",625,6375,117,"1 g480",-150.9140505672,57.5003123413307,"2003",154.103448275862,6.21379310344828
"612",625,6375,117,"1 g480",-150.9140505672,57.5003123413307,"2005",127.457142857143,6.15142857142857
"613",625,6375,117,"1 g480",-150.9140505672,57.5003123413307,"2007",132.457142857143,5.59142857142857
"614",625,6375,117,"1 g480",-150.9140505672,57.5003123413307,"2009",197.5,5.24642857142857
"615",625,6375,117,"1 g480",-150.9140505672,57.5003123413307,"2011",132.21875,5.978125
"616",625,6375,117,"1 g480",-150.9140505672,57.5003123413307,"2013",137.857142857143,5.76785714285714
"617",625,6375,117,"1 g480",-150.9140505672,57.5003123413307,"2015",144.148148148148,6.4962962962963
"618",625,6375,117,"1 g480",-150.9140505672,57.5003123413307,"2017",162.722222222222,6.22777777777778
"619",625,6475,133,"1 g451",-150.861271653699,58.3979145930013,"1990",157.846153846154,5.58461538461539
"620",625,6475,133,"1 g451",-150.861271653699,58.3979145930013,"1993",136.208333333333,6.82083333333333
"621",625,6475,133,"1 g451",-150.861271653699,58.3979145930013,"1996",133.5,6.08636363636364
"622",625,6475,133,"1 g451",-150.861271653699,58.3979145930013,"1999",140.681818181818,5.63636363636364
"623",625,6475,133,"1 g451",-150.861271653699,58.3979145930013,"2001",125.791666666667,6.4125
"624",625,6475,133,"1 g451",-150.861271653699,58.3979145930013,"2003",118.608695652174,6.72173913043478
"625",625,6475,133,"1 g451",-150.861271653699,58.3979145930013,"2005",136.064516129032,6.41612903225806
"626",625,6475,133,"1 g451",-150.861271653699,58.3979145930013,"2007",115.48,5.608
"627",625,6475,133,"1 g451",-150.861271653699,58.3979145930013,"2009",118.633333333333,5.60333333333333
"628",625,6475,133,"1 g451",-150.861271653699,58.3979145930013,"2011",122.9,6.21666666666667
"629",625,6475,133,"1 g451",-150.861271653699,58.3979145930013,"2013",126.263157894737,5.80526315789474
"630",625,6475,133,"1 g451",-150.861271653699,58.3979145930013,"2015",141.074074074074,6.7037037037037
"631",625,6475,133,"1 g451",-150.861271653699,58.3979145930013,"2017",114.5,6.41875
"632",630.51492729,6562.53698347,149,"1 g422",-150.715949716912,59.1818591522242,"1990",174.75,5.55
"633",630.51492729,6562.53698347,149,"1 g422",-150.715949716912,59.1818591522242,"1993",156.181818181818,5.90909090909091
"634",630.51492729,6562.53698347,149,"1 g422",-150.715949716912,59.1818591522242,"1996",155.7,5.75
"635",630.51492729,6562.53698347,149,"1 g422",-150.715949716912,59.1818591522242,"1999",134.583333333333,5.65
"636",630.51492729,6562.53698347,149,"1 g422",-150.715949716912,59.1818591522242,"2001",156.909090909091,6.1
"637",630.51492729,6562.53698347,149,"1 g422",-150.715949716912,59.1818591522242,"2003",148.416666666667,6.14166666666667
"638",630.51492729,6562.53698347,149,"1 g422",-150.715949716912,59.1818591522242,"2005",127.928571428571,6.2
"639",630.51492729,6562.53698347,149,"1 g422",-150.715949716912,59.1818591522242,"2007",124.571428571429,5.71428571428571
"640",630.51492729,6562.53698347,149,"1 g422",-150.715949716912,59.1818591522242,"2009",142,5.11818181818182
"641",630.51492729,6562.53698347,149,"1 g422",-150.715949716912,59.1818591522242,"2011",160.363636363636,5.43636363636364
"642",630.51492729,6562.53698347,149,"1 g422",-150.715949716912,59.1818591522242,"2013",159.25,5.5
"643",630.51492729,6562.53698347,149,"1 g422",-150.715949716912,59.1818591522242,"2015",168,6.54166666666667
"644",630.51492729,6562.53698347,149,"1 g422",-150.715949716912,59.1818591522242,"2017",147.538461538462,6.06923076923077
"645",725,6375,118,"1 g481",-149.24846617338,57.4617403885057,"1990",360,4.3
"646",725,6375,118,"1 g481",-149.24846617338,57.4617403885057,"1993",473,3.9
"647",725,6375,118,"1 g481",-149.24846617338,57.4617403885057,"1996",419.5,4.35
"648",725,6375,118,"1 g481",-149.24846617338,57.4617403885057,"1999",398.5,4.25
"649",725,6375,118,"1 g481",-149.24846617338,57.4617403885057,"2001",255,5.2
"650",725,6375,118,"1 g481",-149.24846617338,57.4617403885057,"2003",290.25,4.575
"651",725,6375,118,"1 g481",-149.24846617338,57.4617403885057,"2005",423.4,4.38
"652",725,6375,118,"1 g481",-149.24846617338,57.4617403885057,"2007",587,3.96666666666667
"653",725,6375,118,"1 g481",-149.24846617338,57.4617403885057,"2009",362,4.45
"654",725,6375,118,"1 g481",-149.24846617338,57.4617403885057,"2011",510,4
"655",725,6375,118,"1 g481",-149.24846617338,57.4617403885057,"2013",374.8,4.5
"656",725,6375,118,"1 g481",-149.24846617338,57.4617403885057,"2015",441.5,4.2
"657",725,6375,118,"1 g481",-149.24846617338,57.4617403885057,"2017",447.5,4.15
"658",725,6475,134,"1 g452",-149.153738995679,58.3579845002558,"1990",180.307692307692,5.38461538461539
"659",725,6475,134,"1 g452",-149.153738995679,58.3579845002558,"1993",153.0625,5.64375
"660",725,6475,134,"1 g452",-149.153738995679,58.3579845002558,"1996",194.56,5.416
"661",725,6475,134,"1 g452",-149.153738995679,58.3579845002558,"1999",302.291666666667,5.02083333333333
"662",725,6475,134,"1 g452",-149.153738995679,58.3579845002558,"2001",160,5.71428571428571
"663",725,6475,134,"1 g452",-149.153738995679,58.3579845002558,"2003",156.695652173913,5.48695652173913
"664",725,6475,134,"1 g452",-149.153738995679,58.3579845002558,"2005",150.116279069767,5.66976744186046
"665",725,6475,134,"1 g452",-149.153738995679,58.3579845002558,"2007",191.162162162162,5.03783783783784
"666",725,6475,134,"1 g452",-149.153738995679,58.3579845002558,"2009",195.529411764706,4.97941176470588
"667",725,6475,134,"1 g452",-149.153738995679,58.3579845002558,"2011",178.347826086957,5.32608695652174
"668",725,6475,134,"1 g452",-149.153738995679,58.3579845002558,"2013",151.346153846154,5.30384615384615
"669",725,6475,134,"1 g452",-149.153738995679,58.3579845002558,"2015",150.411764705882,6.02352941176471
"670",725,6475,134,"1 g452",-149.153738995679,58.3579845002558,"2017",156.590909090909,5.84090909090909
"671",725.1652776,6574.82415158,150,"1 g423",-149.050413101838,59.2523363920707,"1990",183.428571428571,5.43571428571429
"672",725.1652776,6574.82415158,150,"1 g423",-149.050413101838,59.2523363920707,"1993",187.586206896552,5.47241379310345
"673",725.1652776,6574.82415158,150,"1 g423",-149.050413101838,59.2523363920707,"1996",171.363636363636,5.66363636363636
"674",725.1652776,6574.82415158,150,"1 g423",-149.050413101838,59.2523363920707,"1999",182.551724137931,5.48620689655172
"675",725.1652776,6574.82415158,150,"1 g423",-149.050413101838,59.2523363920707,"2001",182.6875,5.775
"676",725.1652776,6574.82415158,150,"1 g423",-149.050413101838,59.2523363920707,"2003",191.928571428571,5.39285714285714
"677",725.1652776,6574.82415158,150,"1 g423",-149.050413101838,59.2523363920707,"2005",196.789473684211,5.57368421052632
"678",725.1652776,6574.82415158,150,"1 g423",-149.050413101838,59.2523363920707,"2007",172.875,5.1625
"679",725.1652776,6574.82415158,150,"1 g423",-149.050413101838,59.2523363920707,"2009",173.25,5.075
"680",725.1652776,6574.82415158,150,"1 g423",-149.050413101838,59.2523363920707,"2011",173.090909090909,5.45454545454545
"681",725.1652776,6574.82415158,150,"1 g423",-149.050413101838,59.2523363920707,"2013",183.555555555556,5.31111111111111
"682",725.1652776,6574.82415158,150,"1 g423",-149.050413101838,59.2523363920707,"2015",195.625,5.64375
"683",725.1652776,6574.82415158,150,"1 g423",-149.050413101838,59.2523363920707,"2017",190.714285714286,5.85714285714286
"684",736.82169506,6650.04041958,164,"1 g394",-148.76253522423,59.9195996523663,"1990",189.333333333333,5.43333333333333
"685",736.82169506,6650.04041958,164,"1 g394",-148.76253522423,59.9195996523663,"1993",193,5.63333333333333
"686",736.82169506,6650.04041958,164,"1 g394",-148.76253522423,59.9195996523663,"1996",155.2,6.12
"687",736.82169506,6650.04041958,164,"1 g394",-148.76253522423,59.9195996523663,"1999",163.833333333333,5.7
"688",736.82169506,6650.04041958,164,"1 g394",-148.76253522423,59.9195996523663,"2001",105.5,6.48333333333333
"689",736.82169506,6650.04041958,164,"1 g394",-148.76253522423,59.9195996523663,"2003",182.285714285714,5.81428571428571
"690",736.82169506,6650.04041958,164,"1 g394",-148.76253522423,59.9195996523663,"2005",172.25,5.85
"691",736.82169506,6650.04041958,164,"1 g394",-148.76253522423,59.9195996523663,"2007",170.777777777778,5.36666666666667
"692",736.82169506,6650.04041958,164,"1 g394",-148.76253522423,59.9195996523663,"2009",152.5,4.775
"693",736.82169506,6650.04041958,164,"1 g394",-148.76253522423,59.9195996523663,"2011",163.666666666667,5.53333333333333
"694",736.82169506,6650.04041958,164,"1 g394",-148.76253522423,59.9195996523663,"2013",147.666666666667,5.46666666666667
"695",736.82169506,6650.04041958,164,"1 g394",-148.76253522423,59.9195996523663,"2015",194.5,6.075
"696",736.82169506,6650.04041958,164,"1 g394",-148.76253522423,59.9195996523663,"2017",241.285714285714,6.04285714285714
"697",825,6475,135,"1 g453",-147.452087006627,58.2953850432702,"1990",337,4.8
"698",825,6475,135,"1 g453",-147.452087006627,58.2953850432702,"1999",662,3.8
"699",825,6575,151,"1 g424",-147.307444891767,59.1891672789782,"1990",182.166666666667,5.51666666666667
"700",825,6575,151,"1 g424",-147.307444891767,59.1891672789782,"1993",164.5,5.6
"701",825,6575,151,"1 g424",-147.307444891767,59.1891672789782,"1996",221,5.575
"702",825,6575,151,"1 g424",-147.307444891767,59.1891672789782,"1999",336.478260869565,5.11739130434783
"703",825,6575,151,"1 g424",-147.307444891767,59.1891672789782,"2001",228.636363636364,5.39090909090909
"704",825,6575,151,"1 g424",-147.307444891767,59.1891672789782,"2003",189.75,5
"705",825,6575,151,"1 g424",-147.307444891767,59.1891672789782,"2005",270.1875,5.23125
"706",825,6575,151,"1 g424",-147.307444891767,59.1891672789782,"2007",265.5625,5.025
"707",825,6575,151,"1 g424",-147.307444891767,59.1891672789782,"2009",302.375,4.95625
"708",825,6575,151,"1 g424",-147.307444891767,59.1891672789782,"2011",176.666666666667,5.6
"709",825,6575,151,"1 g424",-147.307444891767,59.1891672789782,"2013",212.818181818182,5.17272727272727
"710",825,6575,151,"1 g424",-147.307444891767,59.1891672789782,"2015",393.176470588235,4.92941176470588
"711",825,6575,151,"1 g424",-147.307444891767,59.1891672789782,"2017",214.538461538462,5.53076923076923
"712",826.89153325,6672.4852638,165,"1 g395",-147.123815518585,60.0586286051544,"1990",151.25,6.325
"713",826.89153325,6672.4852638,165,"1 g395",-147.123815518585,60.0586286051544,"1993",166.818181818182,5.99090909090909
"714",826.89153325,6672.4852638,165,"1 g395",-147.123815518585,60.0586286051544,"1996",112.090909090909,6.33636363636364
"715",826.89153325,6672.4852638,165,"1 g395",-147.123815518585,60.0586286051544,"1999",149.9,6.31
"716",826.89153325,6672.4852638,165,"1 g395",-147.123815518585,60.0586286051544,"2001",63,6.9
"717",826.89153325,6672.4852638,165,"1 g395",-147.123815518585,60.0586286051544,"2003",123.5,6.6625
"718",826.89153325,6672.4852638,165,"1 g395",-147.123815518585,60.0586286051544,"2005",121.6,6.42
"719",826.89153325,6672.4852638,165,"1 g395",-147.123815518585,60.0586286051544,"2007",141.5,5.6
"720",826.89153325,6672.4852638,165,"1 g395",-147.123815518585,60.0586286051544,"2009",130.625,5.375
"721",826.89153325,6672.4852638,165,"1 g395",-147.123815518585,60.0586286051544,"2011",121.6,5.86
"722",826.89153325,6672.4852638,165,"1 g395",-147.123815518585,60.0586286051544,"2013",85.6666666666667,5.96666666666667
"723",826.89153325,6672.4852638,165,"1 g395",-147.123815518585,60.0586286051544,"2015",124.6,6.9
"724",826.89153325,6672.4852638,165,"1 g395",-147.123815518585,60.0586286051544,"2017",94.5,6.925
"725",923.05918073,6671.61069147,166,"1 g396",-145.412581671958,59.9631498944765,"1990",122.1,6.12
"726",923.05918073,6671.61069147,166,"1 g396",-145.412581671958,59.9631498944765,"1993",107.909090909091,7.15
"727",923.05918073,6671.61069147,166,"1 g396",-145.412581671958,59.9631498944765,"1996",115.75,6.11875
"728",923.05918073,6671.61069147,166,"1 g396",-145.412581671958,59.9631498944765,"1999",107.55,6.88
"729",923.05918073,6671.61069147,166,"1 g396",-145.412581671958,59.9631498944765,"2003",93.7333333333333,6.71333333333333
"730",923.05918073,6671.61069147,166,"1 g396",-145.412581671958,59.9631498944765,"2005",111.583333333333,6.24166666666667
"731",923.05918073,6671.61069147,166,"1 g396",-145.412581671958,59.9631498944765,"2007",113.666666666667,5.96666666666667
"732",923.05918073,6671.61069147,166,"1 g396",-145.412581671958,59.9631498944765,"2009",102.333333333333,5.72222222222222
"733",923.05918073,6671.61069147,166,"1 g396",-145.412581671958,59.9631498944765,"2011",75.5555555555556,7.04444444444444
"734",923.05918073,6671.61069147,166,"1 g396",-145.412581671958,59.9631498944765,"2013",78,6.22
"735",923.05918073,6671.61069147,166,"1 g396",-145.412581671958,59.9631498944765,"2015",88.8461538461538,7.4
"736",923.05918073,6671.61069147,166,"1 g396",-145.412581671958,59.9631498944765,"2017",114.125,7.0375
"737",925.04252624,6574.97084352,152,"1 g425",-145.570252296543,59.1007704645408,"1990",174,5.7
"738",925.04252624,6574.97084352,152,"1 g425",-145.570252296543,59.1007704645408,"1993",123.5,6.05
"739",925.04252624,6574.97084352,152,"1 g425",-145.570252296543,59.1007704645408,"1996",206.5,5.25
"740",925.04252624,6574.97084352,152,"1 g425",-145.570252296543,59.1007704645408,"1999",240.5,5.25
"741",925.04252624,6574.97084352,152,"1 g425",-145.570252296543,59.1007704645408,"2003",278,4.9
"742",925.04252624,6574.97084352,152,"1 g425",-145.570252296543,59.1007704645408,"2005",232.25,5.5
"743",925.04252624,6574.97084352,152,"1 g425",-145.570252296543,59.1007704645408,"2009",182.25,5.2
"744",925.04252624,6574.97084352,152,"1 g425",-145.570252296543,59.1007704645408,"2011",401,4.2
"745",925.04252624,6574.97084352,152,"1 g425",-145.570252296543,59.1007704645408,"2013",278.75,5.2
"746",925.04252624,6574.97084352,152,"1 g425",-145.570252296543,59.1007704645408,"2015",245,5
"747",925.04252624,6574.97084352,152,"1 g425",-145.570252296543,59.1007704645408,"2017",222.666666666667,5.43333333333333
