"","YEAR","id2","EEZgrid","START_LONGITUDE","START_LATITUDE","S"
"1","1993",75,"1 g530",-163.030170280195,54.9698523950004,0.605
"2","1996",75,"1 g530",-163.030170280195,54.9698523950004,0.365
"3","1999",75,"1 g530",-163.030170280195,54.9698523950004,0.607
"4","2001",75,"1 g530",-163.030170280195,54.9698523950004,0.29
"5","2003",75,"1 g530",-163.030170280195,54.9698523950004,0.672
"6","2007",75,"1 g530",-163.030170280195,54.9698523950004,0.439
"7","2009",75,"1 g530",-163.030170280195,54.9698523950004,0.435
"8","2011",75,"1 g530",-163.030170280195,54.9698523950004,0.635
"9","2013",75,"1 g530",-163.030170280195,54.9698523950004,0.352
"10","2015",75,"1 g530",-163.030170280195,54.9698523950004,0.41
"11","2017",75,"1 g530",-163.030170280195,54.9698523950004,0.586
"12","1993",60,"1 g559",-163.372877887982,54.3271720425445,0.57
"13","1996",60,"1 g559",-163.372877887982,54.3271720425445,0.561
"14","1999",60,"1 g559",-163.372877887982,54.3271720425445,0.567
"15","2001",60,"1 g559",-163.372877887982,54.3271720425445,0.531
"16","2003",60,"1 g559",-163.372877887982,54.3271720425445,0.626
"17","2005",60,"1 g559",-163.372877887982,54.3271720425445,0.624
"18","2007",60,"1 g559",-163.372877887982,54.3271720425445,0.599
"19","2009",60,"1 g559",-163.372877887982,54.3271720425445,0.621
"20","2011",60,"1 g559",-163.372877887982,54.3271720425445,0.608
"21","2013",60,"1 g559",-163.372877887982,54.3271720425445,0.542
"22","2015",60,"1 g559",-163.372877887982,54.3271720425445,0.626
"23","2017",60,"1 g559",-163.372877887982,54.3271720425445,0.583
"24","1993",47,"1 g588",-163.188997020615,53.4878568051051,0.487
"25","1996",47,"1 g588",-163.188997020615,53.4878568051051,0.467
"26","1999",47,"1 g588",-163.188997020615,53.4878568051051,0.49
"27","2003",47,"1 g588",-163.188997020615,53.4878568051051,0.353
"28","2007",47,"1 g588",-163.188997020615,53.4878568051051,0.523
"29","2015",47,"1 g588",-163.188997020615,53.4878568051051,0.56
"30","1993",59,"1 g558",-164.79779704428,54.067840106188,0.498
"31","1996",59,"1 g558",-164.79779704428,54.067840106188,0.539
"32","1999",59,"1 g558",-164.79779704428,54.067840106188,0.55
"33","2001",59,"1 g558",-164.79779704428,54.067840106188,0.431
"34","2003",59,"1 g558",-164.79779704428,54.067840106188,0.567
"35","2005",59,"1 g558",-164.79779704428,54.067840106188,0.629
"36","2007",59,"1 g558",-164.79779704428,54.067840106188,0.581
"37","2009",59,"1 g558",-164.79779704428,54.067840106188,0.634
"38","2011",59,"1 g558",-164.79779704428,54.067840106188,0.617
"39","2013",59,"1 g558",-164.79779704428,54.067840106188,0.552
"40","2015",59,"1 g558",-164.79779704428,54.067840106188,0.632
"41","2017",59,"1 g558",-164.79779704428,54.067840106188,0.552
"42","1993",46,"1 g587",-164.666404628218,53.3510109274982,0.162
"43","1996",46,"1 g587",-164.666404628218,53.3510109274982,0.103
"44","1999",46,"1 g587",-164.666404628218,53.3510109274982,0.052
"45","2001",46,"1 g587",-164.666404628218,53.3510109274982,0.077
"46","2003",46,"1 g587",-164.666404628218,53.3510109274982,0.238
"47","2005",46,"1 g587",-164.666404628218,53.3510109274982,0.028
"48","2009",46,"1 g587",-164.666404628218,53.3510109274982,0.188
"49","2011",46,"1 g587",-164.666404628218,53.3510109274982,0.434
"50","2013",46,"1 g587",-164.666404628218,53.3510109274982,0.114
"51","2015",46,"1 g587",-164.666404628218,53.3510109274982,0.247
"52","2017",46,"1 g587",-164.666404628218,53.3510109274982,0.251
"53","1993",58,"1 g557",-165.966090297497,53.8439216736001,0.375
"54","1996",58,"1 g557",-165.966090297497,53.8439216736001,0.49
"55","1999",58,"1 g557",-165.966090297497,53.8439216736001,0.5
"56","2001",58,"1 g557",-165.966090297497,53.8439216736001,0.352
"57","2003",58,"1 g557",-165.966090297497,53.8439216736001,0.484
"58","2005",58,"1 g557",-165.966090297497,53.8439216736001,0.54
"59","2007",58,"1 g557",-165.966090297497,53.8439216736001,0.43
"60","2009",58,"1 g557",-165.966090297497,53.8439216736001,0.543
"61","2011",58,"1 g557",-165.966090297497,53.8439216736001,0.575
"62","2013",58,"1 g557",-165.966090297497,53.8439216736001,0.499
"63","2015",58,"1 g557",-165.966090297497,53.8439216736001,0.469
"64","2017",58,"1 g557",-165.966090297497,53.8439216736001,0.513
"65","1993",45,"1 g586",-166.112599501452,53.1873102158826,0.374
"66","1996",45,"1 g586",-166.112599501452,53.1873102158826,0.119
"67","1999",45,"1 g586",-166.112599501452,53.1873102158826,0.13
"68","2001",45,"1 g586",-166.112599501452,53.1873102158826,0.17
"69","2003",45,"1 g586",-166.112599501452,53.1873102158826,0.181
"70","2005",45,"1 g586",-166.112599501452,53.1873102158826,0.152
"71","2007",45,"1 g586",-166.112599501452,53.1873102158826,0.189
"72","2009",45,"1 g586",-166.112599501452,53.1873102158826,0.248
"73","2011",45,"1 g586",-166.112599501452,53.1873102158826,0.204
"74","2013",45,"1 g586",-166.112599501452,53.1873102158826,0.219
"75","2015",45,"1 g586",-166.112599501452,53.1873102158826,0.444
"76","2017",45,"1 g586",-166.112599501452,53.1873102158826,0.193
"77","1993",44,"1 g585",-167.554956986491,52.9544727092926,0.443
"78","1996",44,"1 g585",-167.554956986491,52.9544727092926,0.226
"79","1999",44,"1 g585",-167.554956986491,52.9544727092926,0.326
"80","2001",44,"1 g585",-167.554956986491,52.9544727092926,0.312
"81","2003",44,"1 g585",-167.554956986491,52.9544727092926,0.492
"82","2005",44,"1 g585",-167.554956986491,52.9544727092926,0.506
"83","2007",44,"1 g585",-167.554956986491,52.9544727092926,0.503
"84","2009",44,"1 g585",-167.554956986491,52.9544727092926,0.528
"85","2011",44,"1 g585",-167.554956986491,52.9544727092926,0.429
"86","2013",44,"1 g585",-167.554956986491,52.9544727092926,0.468
"87","2015",44,"1 g585",-167.554956986491,52.9544727092926,0.521
"88","2017",44,"1 g585",-167.554956986491,52.9544727092926,0.431
"89","1993",43,"1 g584",-168.921528805804,52.6562988859157,0.348
"90","1996",43,"1 g584",-168.921528805804,52.6562988859157,0.316
"91","1999",43,"1 g584",-168.921528805804,52.6562988859157,0.345
"92","2001",43,"1 g584",-168.921528805804,52.6562988859157,0.286
"93","2003",43,"1 g584",-168.921528805804,52.6562988859157,0.165
"94","2005",43,"1 g584",-168.921528805804,52.6562988859157,0.269
"95","2007",43,"1 g584",-168.921528805804,52.6562988859157,0.322
"96","2009",43,"1 g584",-168.921528805804,52.6562988859157,0.333
"97","2011",43,"1 g584",-168.921528805804,52.6562988859157,0.19
"98","2013",43,"1 g584",-168.921528805804,52.6562988859157,0.296
"99","2015",43,"1 g584",-168.921528805804,52.6562988859157,0.298
"100","2017",43,"1 g584",-168.921528805804,52.6562988859157,0.346
"101","1993",76,"1 g531",-161.844509061369,55.1672564592116,0.32
"102","1996",76,"1 g531",-161.844509061369,55.1672564592116,0.478
"103","1999",76,"1 g531",-161.844509061369,55.1672564592116,0.571
"104","2001",76,"1 g531",-161.844509061369,55.1672564592116,0.511
"105","2003",76,"1 g531",-161.844509061369,55.1672564592116,0.523
"106","2005",76,"1 g531",-161.844509061369,55.1672564592116,0.466
"107","2007",76,"1 g531",-161.844509061369,55.1672564592116,0.6
"108","2009",76,"1 g531",-161.844509061369,55.1672564592116,0.674
"109","2011",76,"1 g531",-161.844509061369,55.1672564592116,0.608
"110","2013",76,"1 g531",-161.844509061369,55.1672564592116,0.361
"111","2015",76,"1 g531",-161.844509061369,55.1672564592116,0.218
"112","2017",76,"1 g531",-161.844509061369,55.1672564592116,0.563
"113","1996",42,"1 g583",-169.825440259254,52.5113982328768,0.16
"114","1999",42,"1 g583",-169.825440259254,52.5113982328768,0.044
"115","2001",42,"1 g583",-169.825440259254,52.5113982328768,0.033
"116","2003",42,"1 g583",-169.825440259254,52.5113982328768,0.173
"117","2005",42,"1 g583",-169.825440259254,52.5113982328768,0.144
"118","2007",42,"1 g583",-169.825440259254,52.5113982328768,0.119
"119","2009",42,"1 g583",-169.825440259254,52.5113982328768,0.071
"120","2011",42,"1 g583",-169.825440259254,52.5113982328768,0.123
"121","2013",42,"1 g583",-169.825440259254,52.5113982328768,0.069
"122","2015",42,"1 g583",-169.825440259254,52.5113982328768,0.072
"123","2017",42,"1 g583",-169.825440259254,52.5113982328768,0.071
"124","1993",61,"1 g560",-161.882169162552,54.4922734589594,0.455
"125","1996",61,"1 g560",-161.882169162552,54.4922734589594,0.4
"126","1999",61,"1 g560",-161.882169162552,54.4922734589594,0.164
"127","2001",61,"1 g560",-161.882169162552,54.4922734589594,0.418
"128","2003",61,"1 g560",-161.882169162552,54.4922734589594,0.194
"129","2005",61,"1 g560",-161.882169162552,54.4922734589594,0.154
"130","2007",61,"1 g560",-161.882169162552,54.4922734589594,0.201
"131","2009",61,"1 g560",-161.882169162552,54.4922734589594,0.311
"132","2011",61,"1 g560",-161.882169162552,54.4922734589594,0.561
"133","2013",61,"1 g560",-161.882169162552,54.4922734589594,0.441
"134","2015",61,"1 g560",-161.882169162552,54.4922734589594,0.522
"135","2017",61,"1 g560",-161.882169162552,54.4922734589594,0.456
"136","1990",167,"1 g397",-143.610336219189,59.7617252196907,0.018
"137","1993",167,"1 g397",-143.610336219189,59.7617252196907,0.036
"138","1996",167,"1 g397",-143.610336219189,59.7617252196907,0.021
"139","1999",167,"1 g397",-143.610336219189,59.7617252196907,0.002
"140","2003",167,"1 g397",-143.610336219189,59.7617252196907,0.012
"141","2005",167,"1 g397",-143.610336219189,59.7617252196907,0.02
"142","2007",167,"1 g397",-143.610336219189,59.7617252196907,0.002
"143","2009",167,"1 g397",-143.610336219189,59.7617252196907,0.028
"144","2011",167,"1 g397",-143.610336219189,59.7617252196907,0.025
"145","2013",167,"1 g397",-143.610336219189,59.7617252196907,0.018
"146","2015",167,"1 g397",-143.610336219189,59.7617252196907,0.027
"147","2017",167,"1 g397",-143.610336219189,59.7617252196907,0.005
"148","1990",168,"1 g398",-141.911352334883,59.6441979348104,0.02
"149","1993",168,"1 g398",-141.911352334883,59.6441979348104,0.034
"150","1996",168,"1 g398",-141.911352334883,59.6441979348104,0.057
"151","1999",168,"1 g398",-141.911352334883,59.6441979348104,0.087
"152","2003",168,"1 g398",-141.911352334883,59.6441979348104,0.026
"153","2005",168,"1 g398",-141.911352334883,59.6441979348104,0.02
"154","2007",168,"1 g398",-141.911352334883,59.6441979348104,0.06
"155","2009",168,"1 g398",-141.911352334883,59.6441979348104,0.051
"156","2011",168,"1 g398",-141.911352334883,59.6441979348104,0.079
"157","2013",168,"1 g398",-141.911352334883,59.6441979348104,0.066
"158","2015",168,"1 g398",-141.911352334883,59.6441979348104,0.06
"159","2017",168,"1 g398",-141.911352334883,59.6441979348104,0.333
"160","1993",154,"1 g427",-142.13596360744,58.8563020570417,0.025
"161","1996",154,"1 g427",-142.13596360744,58.8563020570417,0.034
"162","1999",154,"1 g427",-142.13596360744,58.8563020570417,0.028
"163","2003",154,"1 g427",-142.13596360744,58.8563020570417,0.059
"164","2005",154,"1 g427",-142.13596360744,58.8563020570417,0.031
"165","2007",154,"1 g427",-142.13596360744,58.8563020570417,0.017
"166","2009",154,"1 g427",-142.13596360744,58.8563020570417,0.082
"167","2011",154,"1 g427",-142.13596360744,58.8563020570417,0.043
"168","2013",154,"1 g427",-142.13596360744,58.8563020570417,0.07
"169","2015",154,"1 g427",-142.13596360744,58.8563020570417,0.123
"170","2017",154,"1 g427",-142.13596360744,58.8563020570417,0.049
"171","1990",169,"1 g399",-140.172972216536,59.4455397586209,0.037
"172","1993",169,"1 g399",-140.172972216536,59.4455397586209,0.036
"173","1996",169,"1 g399",-140.172972216536,59.4455397586209,0.065
"174","1999",169,"1 g399",-140.172972216536,59.4455397586209,0.114
"175","2003",169,"1 g399",-140.172972216536,59.4455397586209,0.107
"176","2005",169,"1 g399",-140.172972216536,59.4455397586209,0.084
"177","2007",169,"1 g399",-140.172972216536,59.4455397586209,0.198
"178","2009",169,"1 g399",-140.172972216536,59.4455397586209,0.052
"179","2011",169,"1 g399",-140.172972216536,59.4455397586209,0.125
"180","2013",169,"1 g399",-140.172972216536,59.4455397586209,0.115
"181","2015",169,"1 g399",-140.172972216536,59.4455397586209,0.168
"182","2017",169,"1 g399",-140.172972216536,59.4455397586209,0.093
"183","1990",155,"1 g428",-140.442482551985,58.7003997990313,0.057
"184","1993",155,"1 g428",-140.442482551985,58.7003997990313,0.131
"185","1996",155,"1 g428",-140.442482551985,58.7003997990313,0.074
"186","1999",155,"1 g428",-140.442482551985,58.7003997990313,0.095
"187","2003",155,"1 g428",-140.442482551985,58.7003997990313,0.104
"188","2005",155,"1 g428",-140.442482551985,58.7003997990313,0.057
"189","2007",155,"1 g428",-140.442482551985,58.7003997990313,0.096
"190","2009",155,"1 g428",-140.442482551985,58.7003997990313,0.104
"191","2011",155,"1 g428",-140.442482551985,58.7003997990313,0.326
"192","2013",155,"1 g428",-140.442482551985,58.7003997990313,0.171
"193","2015",155,"1 g428",-140.442482551985,58.7003997990313,0.389
"194","2017",155,"1 g428",-140.442482551985,58.7003997990313,0.222
"195","1990",63,"1 g562",-158.809243859,54.6776051186849,0.205
"196","1993",63,"1 g562",-158.809243859,54.6776051186849,0.178
"197","1996",63,"1 g562",-158.809243859,54.6776051186849,0.094
"198","1999",63,"1 g562",-158.809243859,54.6776051186849,0.292
"199","2001",63,"1 g562",-158.809243859,54.6776051186849,0.297
"200","2003",63,"1 g562",-158.809243859,54.6776051186849,0.132
"201","2005",63,"1 g562",-158.809243859,54.6776051186849,0.117
"202","2007",63,"1 g562",-158.809243859,54.6776051186849,0.23
"203","2009",63,"1 g562",-158.809243859,54.6776051186849,0.395
"204","2011",63,"1 g562",-158.809243859,54.6776051186849,0.182
"205","2013",63,"1 g562",-158.809243859,54.6776051186849,0.12
"206","2015",63,"1 g562",-158.809243859,54.6776051186849,0.24
"207","2017",63,"1 g562",-158.809243859,54.6776051186849,0.17
"208","1990",78,"1 g533",-158.893212308295,55.5327620097487,0.321
"209","1993",78,"1 g533",-158.893212308295,55.5327620097487,0.427
"210","1996",78,"1 g533",-158.893212308295,55.5327620097487,0.419
"211","1999",78,"1 g533",-158.893212308295,55.5327620097487,0.394
"212","2001",78,"1 g533",-158.893212308295,55.5327620097487,0.306
"213","2003",78,"1 g533",-158.893212308295,55.5327620097487,0.517
"214","2005",78,"1 g533",-158.893212308295,55.5327620097487,0.54
"215","2007",78,"1 g533",-158.893212308295,55.5327620097487,0.578
"216","2009",78,"1 g533",-158.893212308295,55.5327620097487,0.56
"217","2011",78,"1 g533",-158.893212308295,55.5327620097487,0.542
"218","2013",78,"1 g533",-158.893212308295,55.5327620097487,0.446
"219","2015",78,"1 g533",-158.893212308295,55.5327620097487,0.627
"220","2017",78,"1 g533",-158.893212308295,55.5327620097487,0.5
"221","1993",170,"1 g400",-138.809150483607,59.1270376884315,0.273
"222","1996",170,"1 g400",-138.809150483607,59.1270376884315,0.306
"223","1999",170,"1 g400",-138.809150483607,59.1270376884315,0.358
"224","2003",170,"1 g400",-138.809150483607,59.1270376884315,0.286
"225","2005",170,"1 g400",-138.809150483607,59.1270376884315,0.407
"226","2007",170,"1 g400",-138.809150483607,59.1270376884315,0.412
"227","2009",170,"1 g400",-138.809150483607,59.1270376884315,0.337
"228","2011",170,"1 g400",-138.809150483607,59.1270376884315,0.449
"229","2013",170,"1 g400",-138.809150483607,59.1270376884315,0.308
"230","2015",170,"1 g400",-138.809150483607,59.1270376884315,0.255
"231","1990",156,"1 g429",-138.779825247282,58.5189598224895,0.095
"232","1993",156,"1 g429",-138.779825247282,58.5189598224895,0.121
"233","1996",156,"1 g429",-138.779825247282,58.5189598224895,0.121
"234","1999",156,"1 g429",-138.779825247282,58.5189598224895,0.289
"235","2003",156,"1 g429",-138.779825247282,58.5189598224895,0.329
"236","2005",156,"1 g429",-138.779825247282,58.5189598224895,0.168
"237","2007",156,"1 g429",-138.779825247282,58.5189598224895,0.251
"238","2009",156,"1 g429",-138.779825247282,58.5189598224895,0.452
"239","2011",156,"1 g429",-138.779825247282,58.5189598224895,0.399
"240","2013",156,"1 g429",-138.779825247282,58.5189598224895,0.376
"241","2015",156,"1 g429",-138.779825247282,58.5189598224895,0.455
"242","2017",156,"1 g429",-138.779825247282,58.5189598224895,0.343
"243","1990",157,"1 g430",-137.246401733018,58.1953342386258,0.012
"244","1993",157,"1 g430",-137.246401733018,58.1953342386258,0.026
"245","1996",157,"1 g430",-137.246401733018,58.1953342386258,0.022
"246","1999",157,"1 g430",-137.246401733018,58.1953342386258,0.104
"247","2003",157,"1 g430",-137.246401733018,58.1953342386258,0.028
"248","2005",157,"1 g430",-137.246401733018,58.1953342386258,0.237
"249","2007",157,"1 g430",-137.246401733018,58.1953342386258,0.045
"250","2009",157,"1 g430",-137.246401733018,58.1953342386258,0.058
"251","2011",157,"1 g430",-137.246401733018,58.1953342386258,0.082
"252","2013",157,"1 g430",-137.246401733018,58.1953342386258,0.048
"253","2015",157,"1 g430",-137.246401733018,58.1953342386258,0.158
"254","2017",157,"1 g430",-137.246401733018,58.1953342386258,0.096
"255","1993",141,"1 g459",-137.501264579873,57.4592251310505,0.037
"256","1999",141,"1 g459",-137.501264579873,57.4592251310505,0.026
"257","1990",142,"1 g460",-136.097664998225,57.1967404153662,0.055
"258","1993",142,"1 g460",-136.097664998225,57.1967404153662,0.109
"259","1996",142,"1 g460",-136.097664998225,57.1967404153662,0.097
"260","1999",142,"1 g460",-136.097664998225,57.1967404153662,0.176
"261","2003",142,"1 g460",-136.097664998225,57.1967404153662,0.375
"262","2005",142,"1 g460",-136.097664998225,57.1967404153662,0.222
"263","2007",142,"1 g460",-136.097664998225,57.1967404153662,0.314
"264","2009",142,"1 g460",-136.097664998225,57.1967404153662,0.181
"265","2011",142,"1 g460",-136.097664998225,57.1967404153662,0.116
"266","2013",142,"1 g460",-136.097664998225,57.1967404153662,0.142
"267","2015",142,"1 g460",-136.097664998225,57.1967404153662,0.247
"268","2017",142,"1 g460",-136.097664998225,57.1967404153662,0.235
"269","1993",126,"1 g489",-136.304583020811,56.3873745942582,0.088
"270","1996",126,"1 g489",-136.304583020811,56.3873745942582,0.087
"271","1999",126,"1 g489",-136.304583020811,56.3873745942582,0.118
"272","2003",126,"1 g489",-136.304583020811,56.3873745942582,0.122
"273","2005",126,"1 g489",-136.304583020811,56.3873745942582,0.162
"274","2007",126,"1 g489",-136.304583020811,56.3873745942582,0.268
"275","2009",126,"1 g489",-136.304583020811,56.3873745942582,0.198
"276","2013",126,"1 g489",-136.304583020811,56.3873745942582,0.15
"277","2015",126,"1 g489",-136.304583020811,56.3873745942582,0.057
"278","2017",126,"1 g489",-136.304583020811,56.3873745942582,0.189
"279","2009",158,"1 g431",-135.398878521312,58.1709189942664,0.4
"280","2011",158,"1 g431",-135.398878521312,58.1709189942664,0.424
"281","1990",127,"1 g490",-134.826053897813,56.1221749033522,0.007
"282","1993",127,"1 g490",-134.826053897813,56.1221749033522,0.023
"283","1996",127,"1 g490",-134.826053897813,56.1221749033522,0.016
"284","1999",127,"1 g490",-134.826053897813,56.1221749033522,0.024
"285","2003",127,"1 g490",-134.826053897813,56.1221749033522,0.02
"286","2005",127,"1 g490",-134.826053897813,56.1221749033522,0.017
"287","2007",127,"1 g490",-134.826053897813,56.1221749033522,0.038
"288","2009",127,"1 g490",-134.826053897813,56.1221749033522,0.028
"289","2011",127,"1 g490",-134.826053897813,56.1221749033522,0.052
"290","2013",127,"1 g490",-134.826053897813,56.1221749033522,0.031
"291","2015",127,"1 g490",-134.826053897813,56.1221749033522,0.045
"292","2017",127,"1 g490",-134.826053897813,56.1221749033522,0.034
"293","1996",109,"1 g519",-135.171621953664,55.3086964455844,0.035
"294","2003",109,"1 g519",-135.171621953664,55.3086964455844,0.016
"295","2005",109,"1 g519",-135.171621953664,55.3086964455844,0.004
"296","2009",109,"1 g519",-135.171621953664,55.3086964455844,0.022
"297","2011",109,"1 g519",-135.171621953664,55.3086964455844,0.012
"298","2013",109,"1 g519",-135.171621953664,55.3086964455844,0.031
"299","2015",109,"1 g519",-135.171621953664,55.3086964455844,0.013
"300","1996",143,"1 g461",-134.252890392385,57.0578748342765,0.212
"301","1999",143,"1 g461",-134.252890392385,57.0578748342765,0.008
"302","2003",143,"1 g461",-134.252890392385,57.0578748342765,0.009
"303","2011",143,"1 g461",-134.252890392385,57.0578748342765,0.013
"304","1993",94,"1 g504",-158.427333041606,56.240176034614,0.298
"305","1996",94,"1 g504",-158.427333041606,56.240176034614,0.436
"306","2001",94,"1 g504",-158.427333041606,56.240176034614,0.491
"307","2007",94,"1 g504",-158.427333041606,56.240176034614,0.483
"308","2011",94,"1 g504",-158.427333041606,56.240176034614,0.389
"309","2013",94,"1 g504",-158.427333041606,56.240176034614,0.439
"310","2015",94,"1 g504",-158.427333041606,56.240176034614,0.667
"311","2017",94,"1 g504",-158.427333041606,56.240176034614,0.439
"312","1999",92,"1 g549",-134.227107007365,54.4669109148092,0.023
"313","2003",92,"1 g549",-134.227107007365,54.4669109148092,0.04
"314","2005",92,"1 g549",-134.227107007365,54.4669109148092,0.051
"315","2007",92,"1 g549",-134.227107007365,54.4669109148092,0.053
"316","2011",92,"1 g549",-134.227107007365,54.4669109148092,0.069
"317","2015",92,"1 g549",-134.227107007365,54.4669109148092,0.088
"318","1996",128,"1 g491",-133.457431395032,55.9504905464038,0.102
"319","1999",128,"1 g491",-133.457431395032,55.9504905464038,0.034
"320","2003",128,"1 g491",-133.457431395032,55.9504905464038,0.013
"321","2005",128,"1 g491",-133.457431395032,55.9504905464038,0.058
"322","2007",128,"1 g491",-133.457431395032,55.9504905464038,0.129
"323","2009",128,"1 g491",-133.457431395032,55.9504905464038,0.032
"324","2011",128,"1 g491",-133.457431395032,55.9504905464038,0.089
"325","2013",128,"1 g491",-133.457431395032,55.9504905464038,0.008
"326","2015",128,"1 g491",-133.457431395032,55.9504905464038,0.126
"327","2017",128,"1 g491",-133.457431395032,55.9504905464038,0.171
"328","1993",110,"1 g520",-133.762998316141,55.0444214539835,0.055
"329","1996",110,"1 g520",-133.762998316141,55.0444214539835,0.075
"330","1999",110,"1 g520",-133.762998316141,55.0444214539835,0.035
"331","2003",110,"1 g520",-133.762998316141,55.0444214539835,0.063
"332","2005",110,"1 g520",-133.762998316141,55.0444214539835,0.098
"333","2007",110,"1 g520",-133.762998316141,55.0444214539835,0.178
"334","2009",110,"1 g520",-133.762998316141,55.0444214539835,0.085
"335","2011",110,"1 g520",-133.762998316141,55.0444214539835,0.269
"336","2013",110,"1 g520",-133.762998316141,55.0444214539835,0.098
"337","2015",110,"1 g520",-133.762998316141,55.0444214539835,0.186
"338","2017",110,"1 g520",-133.762998316141,55.0444214539835,0.116
"339","1996",111,"1 g521",-132.190392569269,54.7595505772749,0.005
"340","1999",111,"1 g521",-132.190392569269,54.7595505772749,0.008
"341","2003",111,"1 g521",-132.190392569269,54.7595505772749,0.002
"342","2005",111,"1 g521",-132.190392569269,54.7595505772749,0.003
"343","2007",111,"1 g521",-132.190392569269,54.7595505772749,0.004
"344","2009",111,"1 g521",-132.190392569269,54.7595505772749,0.003
"345","2011",111,"1 g521",-132.190392569269,54.7595505772749,0.026
"346","2013",111,"1 g521",-132.190392569269,54.7595505772749,0.003
"347","2015",111,"1 g521",-132.190392569269,54.7595505772749,0.064
"348","2017",111,"1 g521",-132.190392569269,54.7595505772749,0.092
"349","1990",79,"1 g534",-157.371908501577,55.642120999765,0.23
"350","1993",79,"1 g534",-157.371908501577,55.642120999765,0.404
"351","1996",79,"1 g534",-157.371908501577,55.642120999765,0.384
"352","1999",79,"1 g534",-157.371908501577,55.642120999765,0.421
"353","2001",79,"1 g534",-157.371908501577,55.642120999765,0.376
"354","2003",79,"1 g534",-157.371908501577,55.642120999765,0.509
"355","2005",79,"1 g534",-157.371908501577,55.642120999765,0.527
"356","2007",79,"1 g534",-157.371908501577,55.642120999765,0.513
"357","2009",79,"1 g534",-157.371908501577,55.642120999765,0.542
"358","2011",79,"1 g534",-157.371908501577,55.642120999765,0.547
"359","2013",79,"1 g534",-157.371908501577,55.642120999765,0.47
"360","2015",79,"1 g534",-157.371908501577,55.642120999765,0.55
"361","2017",79,"1 g534",-157.371908501577,55.642120999765,0.471
"362","1993",64,"1 g563",-157.273453299919,54.7468229681047,0.109
"363","1996",64,"1 g563",-157.273453299919,54.7468229681047,0.054
"364","1999",64,"1 g563",-157.273453299919,54.7468229681047,0.029
"365","2001",64,"1 g563",-157.273453299919,54.7468229681047,0.041
"366","2003",64,"1 g563",-157.273453299919,54.7468229681047,0.075
"367","2005",64,"1 g563",-157.273453299919,54.7468229681047,0.025
"368","2007",64,"1 g563",-157.273453299919,54.7468229681047,0.022
"369","2009",64,"1 g563",-157.273453299919,54.7468229681047,0.111
"370","2011",64,"1 g563",-157.273453299919,54.7468229681047,0.129
"371","2013",64,"1 g563",-157.273453299919,54.7468229681047,0.177
"372","2015",64,"1 g563",-157.273453299919,54.7468229681047,0.249
"373","2017",64,"1 g563",-157.273453299919,54.7468229681047,0.101
"374","1990",95,"1 g505",-157.354296021394,56.4296750024395,0.39
"375","1993",95,"1 g505",-157.354296021394,56.4296750024395,0.455
"376","1996",95,"1 g505",-157.354296021394,56.4296750024395,0.517
"377","1999",95,"1 g505",-157.354296021394,56.4296750024395,0.453
"378","2001",95,"1 g505",-157.354296021394,56.4296750024395,0.469
"379","2003",95,"1 g505",-157.354296021394,56.4296750024395,0.597
"380","2005",95,"1 g505",-157.354296021394,56.4296750024395,0.602
"381","2007",95,"1 g505",-157.354296021394,56.4296750024395,0.598
"382","2009",95,"1 g505",-157.354296021394,56.4296750024395,0.629
"383","2011",95,"1 g505",-157.354296021394,56.4296750024395,0.622
"384","2013",95,"1 g505",-157.354296021394,56.4296750024395,0.469
"385","2015",95,"1 g505",-157.354296021394,56.4296750024395,0.616
"386","2017",95,"1 g505",-157.354296021394,56.4296750024395,0.586
"387","1993",62,"1 g561",-160.363186550199,54.5930450176326,0.469
"388","1996",62,"1 g561",-160.363186550199,54.5930450176326,0.164
"389","1999",62,"1 g561",-160.363186550199,54.5930450176326,0.523
"390","2001",62,"1 g561",-160.363186550199,54.5930450176326,0.287
"391","2003",62,"1 g561",-160.363186550199,54.5930450176326,0.523
"392","2005",62,"1 g561",-160.363186550199,54.5930450176326,0.348
"393","2007",62,"1 g561",-160.363186550199,54.5930450176326,0.334
"394","2009",62,"1 g561",-160.363186550199,54.5930450176326,0.416
"395","2011",62,"1 g561",-160.363186550199,54.5930450176326,0.497
"396","2013",62,"1 g561",-160.363186550199,54.5930450176326,0.435
"397","2015",62,"1 g561",-160.363186550199,54.5930450176326,0.571
"398","2017",62,"1 g561",-160.363186550199,54.5930450176326,0.497
"399","1990",77,"1 g532",-160.402097402299,55.3415877584873,0.506
"400","1993",77,"1 g532",-160.402097402299,55.3415877584873,0.626
"401","1996",77,"1 g532",-160.402097402299,55.3415877584873,0.602
"402","1999",77,"1 g532",-160.402097402299,55.3415877584873,0.604
"403","2001",77,"1 g532",-160.402097402299,55.3415877584873,0.545
"404","2003",77,"1 g532",-160.402097402299,55.3415877584873,0.664
"405","2005",77,"1 g532",-160.402097402299,55.3415877584873,0.684
"406","2007",77,"1 g532",-160.402097402299,55.3415877584873,0.652
"407","2009",77,"1 g532",-160.402097402299,55.3415877584873,0.673
"408","2011",77,"1 g532",-160.402097402299,55.3415877584873,0.661
"409","2013",77,"1 g532",-160.402097402299,55.3415877584873,0.583
"410","2015",77,"1 g532",-160.402097402299,55.3415877584873,0.701
"411","2017",77,"1 g532",-160.402097402299,55.3415877584873,0.639
"412","1990",80,"1 g535",-155.785954565381,55.6875261120951,0.031
"413","1993",80,"1 g535",-155.785954565381,55.6875261120951,0.186
"414","1996",80,"1 g535",-155.785954565381,55.6875261120951,0.142
"415","1999",80,"1 g535",-155.785954565381,55.6875261120951,0.072
"416","2001",80,"1 g535",-155.785954565381,55.6875261120951,0.273
"417","2003",80,"1 g535",-155.785954565381,55.6875261120951,0.352
"418","2005",80,"1 g535",-155.785954565381,55.6875261120951,0.095
"419","2007",80,"1 g535",-155.785954565381,55.6875261120951,0.242
"420","2009",80,"1 g535",-155.785954565381,55.6875261120951,0.155
"421","2011",80,"1 g535",-155.785954565381,55.6875261120951,0.305
"422","2013",80,"1 g535",-155.785954565381,55.6875261120951,0.321
"423","2015",80,"1 g535",-155.785954565381,55.6875261120951,0.252
"424","2017",80,"1 g535",-155.785954565381,55.6875261120951,0.364
"425","2001",65,"1 g564",-155.721975489706,54.7916109311662,0.002
"426","2005",65,"1 g564",-155.721975489706,54.7916109311662,0.008
"427","2007",65,"1 g564",-155.721975489706,54.7916109311662,0.011
"428","2011",65,"1 g564",-155.721975489706,54.7916109311662,0
"429","2013",65,"1 g564",-155.721975489706,54.7916109311662,0.01
"430","1990",96,"1 g506",-155.847916761579,56.58556693901,0.12
"431","1993",96,"1 g506",-155.847916761579,56.58556693901,0.267
"432","1996",96,"1 g506",-155.847916761579,56.58556693901,0.216
"433","1999",96,"1 g506",-155.847916761579,56.58556693901,0.137
"434","2001",96,"1 g506",-155.847916761579,56.58556693901,0.274
"435","2003",96,"1 g506",-155.847916761579,56.58556693901,0.381
"436","2005",96,"1 g506",-155.847916761579,56.58556693901,0.341
"437","2007",96,"1 g506",-155.847916761579,56.58556693901,0.341
"438","2009",96,"1 g506",-155.847916761579,56.58556693901,0.469
"439","2011",96,"1 g506",-155.847916761579,56.58556693901,0.439
"440","2013",96,"1 g506",-155.847916761579,56.58556693901,0.523
"441","2015",96,"1 g506",-155.847916761579,56.58556693901,0.502
"442","2017",96,"1 g506",-155.847916761579,56.58556693901,0.333
"443","1993",114,"1 g477",-155.665572222807,57.3453027675954,0.242
"444","1996",114,"1 g477",-155.665572222807,57.3453027675954,0.127
"445","1999",114,"1 g477",-155.665572222807,57.3453027675954,0.349
"446","2001",114,"1 g477",-155.665572222807,57.3453027675954,0.267
"447","2003",114,"1 g477",-155.665572222807,57.3453027675954,0.296
"448","2005",114,"1 g477",-155.665572222807,57.3453027675954,0.479
"449","2007",114,"1 g477",-155.665572222807,57.3453027675954,0.277
"450","2009",114,"1 g477",-155.665572222807,57.3453027675954,0.406
"451","2011",114,"1 g477",-155.665572222807,57.3453027675954,0.459
"452","2013",114,"1 g477",-155.665572222807,57.3453027675954,0.376
"453","2015",114,"1 g477",-155.665572222807,57.3453027675954,0.67
"454","2017",114,"1 g477",-155.665572222807,57.3453027675954,0.309
"455","1990",115,"1 g478",-154.491534715295,57.598428993601,0.105
"456","1993",115,"1 g478",-154.491534715295,57.598428993601,0.288
"457","1996",115,"1 g478",-154.491534715295,57.598428993601,0.245
"458","1999",115,"1 g478",-154.491534715295,57.598428993601,0.15
"459","2001",115,"1 g478",-154.491534715295,57.598428993601,0.173
"460","2003",115,"1 g478",-154.491534715295,57.598428993601,0.438
"461","2005",115,"1 g478",-154.491534715295,57.598428993601,0.408
"462","2007",115,"1 g478",-154.491534715295,57.598428993601,0.577
"463","2009",115,"1 g478",-154.491534715295,57.598428993601,0.549
"464","2011",115,"1 g478",-154.491534715295,57.598428993601,0.528
"465","2013",115,"1 g478",-154.491534715295,57.598428993601,0.408
"466","2015",115,"1 g478",-154.491534715295,57.598428993601,0.423
"467","2017",115,"1 g478",-154.491534715295,57.598428993601,0.318
"468","1990",97,"1 g507",-154.24069645237,56.5800548157453,0.015
"469","1993",97,"1 g507",-154.24069645237,56.5800548157453,0.487
"470","1996",97,"1 g507",-154.24069645237,56.5800548157453,0.472
"471","1999",97,"1 g507",-154.24069645237,56.5800548157453,0.402
"472","2001",97,"1 g507",-154.24069645237,56.5800548157453,0.341
"473","2003",97,"1 g507",-154.24069645237,56.5800548157453,0.558
"474","2005",97,"1 g507",-154.24069645237,56.5800548157453,0.537
"475","2007",97,"1 g507",-154.24069645237,56.5800548157453,0.549
"476","2009",97,"1 g507",-154.24069645237,56.5800548157453,0.582
"477","2011",97,"1 g507",-154.24069645237,56.5800548157453,0.506
"478","2013",97,"1 g507",-154.24069645237,56.5800548157453,0.506
"479","2015",97,"1 g507",-154.24069645237,56.5800548157453,0.582
"480","2017",97,"1 g507",-154.24069645237,56.5800548157453,0.465
"481","1990",81,"1 g536",-154.193803111018,55.7149441413734,0.169
"482","1993",81,"1 g536",-154.193803111018,55.7149441413734,0.136
"483","1996",81,"1 g536",-154.193803111018,55.7149441413734,0.024
"484","1999",81,"1 g536",-154.193803111018,55.7149441413734,0
"485","2001",81,"1 g536",-154.193803111018,55.7149441413734,0.034
"486","2003",81,"1 g536",-154.193803111018,55.7149441413734,0.052
"487","2005",81,"1 g536",-154.193803111018,55.7149441413734,0.007
"488","2007",81,"1 g536",-154.193803111018,55.7149441413734,0.028
"489","2009",81,"1 g536",-154.193803111018,55.7149441413734,0.024
"490","2011",81,"1 g536",-154.193803111018,55.7149441413734,0.042
"491","2013",81,"1 g536",-154.193803111018,55.7149441413734,0.014
"492","2015",81,"1 g536",-154.193803111018,55.7149441413734,0.075
"493","2017",81,"1 g536",-154.193803111018,55.7149441413734,0.084
"494","1990",131,"1 g449",-153.904486499055,58.2300056118081,0.245
"495","1993",131,"1 g449",-153.904486499055,58.2300056118081,0.424
"496","1996",131,"1 g449",-153.904486499055,58.2300056118081,0.274
"497","1999",131,"1 g449",-153.904486499055,58.2300056118081,0.32
"498","2001",131,"1 g449",-153.904486499055,58.2300056118081,0.332
"499","2003",131,"1 g449",-153.904486499055,58.2300056118081,0.411
"500","2005",131,"1 g449",-153.904486499055,58.2300056118081,0.359
"501","2007",131,"1 g449",-153.904486499055,58.2300056118081,0.662
"502","2009",131,"1 g449",-153.904486499055,58.2300056118081,0.461
"503","2011",131,"1 g449",-153.904486499055,58.2300056118081,0.564
"504","2013",131,"1 g449",-153.904486499055,58.2300056118081,0.404
"505","2015",131,"1 g449",-153.904486499055,58.2300056118081,0.499
"506","2017",131,"1 g449",-153.904486499055,58.2300056118081,0.46
"507","1999",147,"1 g420",-153.74589349434,59.2679591151509,0.207
"508","2001",147,"1 g420",-153.74589349434,59.2679591151509,0.107
"509","2003",147,"1 g420",-153.74589349434,59.2679591151509,0.163
"510","2007",147,"1 g420",-153.74589349434,59.2679591151509,0.256
"511","2009",147,"1 g420",-153.74589349434,59.2679591151509,0.288
"512","2011",147,"1 g420",-153.74589349434,59.2679591151509,0.181
"513","2013",147,"1 g420",-153.74589349434,59.2679591151509,0.146
"514","2015",147,"1 g420",-153.74589349434,59.2679591151509,0.199
"515","2017",147,"1 g420",-153.74589349434,59.2679591151509,0.225
"516","1990",148,"1 g421",-152.57538147074,59.3033864160491,0.153
"517","1993",148,"1 g421",-152.57538147074,59.3033864160491,0.454
"518","1996",148,"1 g421",-152.57538147074,59.3033864160491,0.431
"519","1999",148,"1 g421",-152.57538147074,59.3033864160491,0.462
"520","2001",148,"1 g421",-152.57538147074,59.3033864160491,0.389
"521","2003",148,"1 g421",-152.57538147074,59.3033864160491,0.429
"522","2005",148,"1 g421",-152.57538147074,59.3033864160491,0.414
"523","2007",148,"1 g421",-152.57538147074,59.3033864160491,0.503
"524","2009",148,"1 g421",-152.57538147074,59.3033864160491,0.503
"525","2011",148,"1 g421",-152.57538147074,59.3033864160491,0.537
"526","2013",148,"1 g421",-152.57538147074,59.3033864160491,0.472
"527","2015",148,"1 g421",-152.57538147074,59.3033864160491,0.53
"528","2017",148,"1 g421",-152.57538147074,59.3033864160491,0.465
"529","1993",98,"1 g508",-152.588922358587,56.6162592989317,0.273
"530","1996",98,"1 g508",-152.588922358587,56.6162592989317,0.158
"531","1999",98,"1 g508",-152.588922358587,56.6162592989317,0.26
"532","2001",98,"1 g508",-152.588922358587,56.6162592989317,0.213
"533","2003",98,"1 g508",-152.588922358587,56.6162592989317,0.29
"534","2005",98,"1 g508",-152.588922358587,56.6162592989317,0.362
"535","2007",98,"1 g508",-152.588922358587,56.6162592989317,0.162
"536","2009",98,"1 g508",-152.588922358587,56.6162592989317,0.451
"537","2011",98,"1 g508",-152.588922358587,56.6162592989317,0.466
"538","2013",98,"1 g508",-152.588922358587,56.6162592989317,0.386
"539","2015",98,"1 g508",-152.588922358587,56.6162592989317,0.516
"540","2017",98,"1 g508",-152.588922358587,56.6162592989317,0.371
"541","1990",132,"1 g450",-152.543080024858,58.4646109981744,0.159
"542","1993",132,"1 g450",-152.543080024858,58.4646109981744,0.394
"543","1996",132,"1 g450",-152.543080024858,58.4646109981744,0.424
"544","1999",132,"1 g450",-152.543080024858,58.4646109981744,0.366
"545","2001",132,"1 g450",-152.543080024858,58.4646109981744,0.455
"546","2003",132,"1 g450",-152.543080024858,58.4646109981744,0.501
"547","2005",132,"1 g450",-152.543080024858,58.4646109981744,0.534
"548","2007",132,"1 g450",-152.543080024858,58.4646109981744,0.488
"549","2009",132,"1 g450",-152.543080024858,58.4646109981744,0.61
"550","2011",132,"1 g450",-152.543080024858,58.4646109981744,0.484
"551","2013",132,"1 g450",-152.543080024858,58.4646109981744,0.561
"552","2015",132,"1 g450",-152.543080024858,58.4646109981744,0.535
"553","2017",132,"1 g450",-152.543080024858,58.4646109981744,0.569
"554","1993",116,"1 g479",-152.31592521805,57.477297906792,0.501
"555","1996",116,"1 g479",-152.31592521805,57.477297906792,0.356
"556","1999",116,"1 g479",-152.31592521805,57.477297906792,0.516
"557","2001",116,"1 g479",-152.31592521805,57.477297906792,0.444
"558","2003",116,"1 g479",-152.31592521805,57.477297906792,0.545
"559","2005",116,"1 g479",-152.31592521805,57.477297906792,0.59
"560","2007",116,"1 g479",-152.31592521805,57.477297906792,0.524
"561","2009",116,"1 g479",-152.31592521805,57.477297906792,0.604
"562","2011",116,"1 g479",-152.31592521805,57.477297906792,0.595
"563","2013",116,"1 g479",-152.31592521805,57.477297906792,0.509
"564","2015",116,"1 g479",-152.31592521805,57.477297906792,0.59
"565","2017",116,"1 g479",-152.31592521805,57.477297906792,0.562
"566","1990",162,"1 g392",-152.176316927818,60.1414579946319,0.001
"567","1993",162,"1 g392",-152.176316927818,60.1414579946319,0.079
"568","2001",162,"1 g392",-152.176316927818,60.1414579946319,0.021
"569","2003",162,"1 g392",-152.176316927818,60.1414579946319,0.093
"570","2005",162,"1 g392",-152.176316927818,60.1414579946319,0.125
"571","2011",162,"1 g392",-152.176316927818,60.1414579946319,0.313
"572","2013",162,"1 g392",-152.176316927818,60.1414579946319,0.326
"573","2015",162,"1 g392",-152.176316927818,60.1414579946319,0.19
"574","2017",162,"1 g392",-152.176316927818,60.1414579946319,0.088
"575","1996",99,"1 g509",-150.963801304781,56.6025522548186,0.049
"576","2003",99,"1 g509",-150.963801304781,56.6025522548186,0.044
"577","2005",99,"1 g509",-150.963801304781,56.6025522548186,0.005
"578","2007",99,"1 g509",-150.963801304781,56.6025522548186,0.009
"579","2009",99,"1 g509",-150.963801304781,56.6025522548186,0.018
"580","2011",99,"1 g509",-150.963801304781,56.6025522548186,0.106
"581","2015",99,"1 g509",-150.963801304781,56.6025522548186,0.064
"582","2017",99,"1 g509",-150.963801304781,56.6025522548186,0.034
"583","1990",117,"1 g480",-150.9140505672,57.5003123413307,0.076
"584","1993",117,"1 g480",-150.9140505672,57.5003123413307,0.186
"585","1996",117,"1 g480",-150.9140505672,57.5003123413307,0.078
"586","1999",117,"1 g480",-150.9140505672,57.5003123413307,0.103
"587","2001",117,"1 g480",-150.9140505672,57.5003123413307,0.137
"588","2003",117,"1 g480",-150.9140505672,57.5003123413307,0.171
"589","2005",117,"1 g480",-150.9140505672,57.5003123413307,0.304
"590","2007",117,"1 g480",-150.9140505672,57.5003123413307,0.325
"591","2009",117,"1 g480",-150.9140505672,57.5003123413307,0.096
"592","2011",117,"1 g480",-150.9140505672,57.5003123413307,0.359
"593","2013",117,"1 g480",-150.9140505672,57.5003123413307,0.274
"594","2015",117,"1 g480",-150.9140505672,57.5003123413307,0.375
"595","2017",117,"1 g480",-150.9140505672,57.5003123413307,0.2
"596","1990",133,"1 g451",-150.861271653699,58.3979145930013,0.144
"597","1993",133,"1 g451",-150.861271653699,58.3979145930013,0.345
"598","1996",133,"1 g451",-150.861271653699,58.3979145930013,0.251
"599","1999",133,"1 g451",-150.861271653699,58.3979145930013,0.248
"600","2001",133,"1 g451",-150.861271653699,58.3979145930013,0.237
"601","2003",133,"1 g451",-150.861271653699,58.3979145930013,0.417
"602","2005",133,"1 g451",-150.861271653699,58.3979145930013,0.303
"603","2007",133,"1 g451",-150.861271653699,58.3979145930013,0.464
"604","2009",133,"1 g451",-150.861271653699,58.3979145930013,0.46
"605","2011",133,"1 g451",-150.861271653699,58.3979145930013,0.472
"606","2013",133,"1 g451",-150.861271653699,58.3979145930013,0.383
"607","2015",133,"1 g451",-150.861271653699,58.3979145930013,0.457
"608","2017",133,"1 g451",-150.861271653699,58.3979145930013,0.475
"609","1990",149,"1 g422",-150.715949716912,59.1818591522242,0.079
"610","1993",149,"1 g422",-150.715949716912,59.1818591522242,0.174
"611","1996",149,"1 g422",-150.715949716912,59.1818591522242,0.104
"612","1999",149,"1 g422",-150.715949716912,59.1818591522242,0.23
"613","2001",149,"1 g422",-150.715949716912,59.1818591522242,0.073
"614","2003",149,"1 g422",-150.715949716912,59.1818591522242,0.17
"615","2005",149,"1 g422",-150.715949716912,59.1818591522242,0.288
"616","2007",149,"1 g422",-150.715949716912,59.1818591522242,0.374
"617","2009",149,"1 g422",-150.715949716912,59.1818591522242,0.25
"618","2011",149,"1 g422",-150.715949716912,59.1818591522242,0.197
"619","2013",149,"1 g422",-150.715949716912,59.1818591522242,0.162
"620","2015",149,"1 g422",-150.715949716912,59.1818591522242,0.262
"621","2017",149,"1 g422",-150.715949716912,59.1818591522242,0.247
"622","1999",118,"1 g481",-149.24846617338,57.4617403885057,0.007
"623","2001",118,"1 g481",-149.24846617338,57.4617403885057,0.027
"624","2003",118,"1 g481",-149.24846617338,57.4617403885057,0.042
"625","2005",118,"1 g481",-149.24846617338,57.4617403885057,0.004
"626","2009",118,"1 g481",-149.24846617338,57.4617403885057,0.021
"627","2013",118,"1 g481",-149.24846617338,57.4617403885057,0.015
"628","1990",134,"1 g452",-149.153738995679,58.3579845002558,0.083
"629","1993",134,"1 g452",-149.153738995679,58.3579845002558,0.226
"630","1996",134,"1 g452",-149.153738995679,58.3579845002558,0.069
"631","1999",134,"1 g452",-149.153738995679,58.3579845002558,0.031
"632","2001",134,"1 g452",-149.153738995679,58.3579845002558,0.098
"633","2003",134,"1 g452",-149.153738995679,58.3579845002558,0.185
"634","2005",134,"1 g452",-149.153738995679,58.3579845002558,0.219
"635","2007",134,"1 g452",-149.153738995679,58.3579845002558,0.14
"636","2009",134,"1 g452",-149.153738995679,58.3579845002558,0.127
"637","2011",134,"1 g452",-149.153738995679,58.3579845002558,0.195
"638","2013",134,"1 g452",-149.153738995679,58.3579845002558,0.247
"639","2015",134,"1 g452",-149.153738995679,58.3579845002558,0.376
"640","2017",134,"1 g452",-149.153738995679,58.3579845002558,0.257
"641","1990",150,"1 g423",-149.050413101838,59.2523363920707,0.047
"642","1993",150,"1 g423",-149.050413101838,59.2523363920707,0.061
"643","1996",150,"1 g423",-149.050413101838,59.2523363920707,0.048
"644","1999",150,"1 g423",-149.050413101838,59.2523363920707,0.049
"645","2001",150,"1 g423",-149.050413101838,59.2523363920707,0.025
"646","2003",150,"1 g423",-149.050413101838,59.2523363920707,0.04
"647","2005",150,"1 g423",-149.050413101838,59.2523363920707,0.037
"648","2007",150,"1 g423",-149.050413101838,59.2523363920707,0.092
"649","2009",150,"1 g423",-149.050413101838,59.2523363920707,0.085
"650","2011",150,"1 g423",-149.050413101838,59.2523363920707,0.109
"651","2013",150,"1 g423",-149.050413101838,59.2523363920707,0.068
"652","2015",150,"1 g423",-149.050413101838,59.2523363920707,0.112
"653","2017",150,"1 g423",-149.050413101838,59.2523363920707,0.072
"654","1990",164,"1 g394",-148.76253522423,59.9195996523663,0.018
"655","1993",164,"1 g394",-148.76253522423,59.9195996523663,0.024
"656","1996",164,"1 g394",-148.76253522423,59.9195996523663,0.034
"657","1999",164,"1 g394",-148.76253522423,59.9195996523663,0.033
"658","2001",164,"1 g394",-148.76253522423,59.9195996523663,0.131
"659","2003",164,"1 g394",-148.76253522423,59.9195996523663,0.021
"660","2005",164,"1 g394",-148.76253522423,59.9195996523663,0.026
"661","2007",164,"1 g394",-148.76253522423,59.9195996523663,0.043
"662","2009",164,"1 g394",-148.76253522423,59.9195996523663,0.065
"663","2011",164,"1 g394",-148.76253522423,59.9195996523663,0.062
"664","2013",164,"1 g394",-148.76253522423,59.9195996523663,0.075
"665","2015",164,"1 g394",-148.76253522423,59.9195996523663,0.055
"666","2017",164,"1 g394",-148.76253522423,59.9195996523663,0.018
"667","1990",151,"1 g424",-147.307444891767,59.1891672789782,0.064
"668","1993",151,"1 g424",-147.307444891767,59.1891672789782,0.132
"669","1996",151,"1 g424",-147.307444891767,59.1891672789782,0.031
"670","1999",151,"1 g424",-147.307444891767,59.1891672789782,0.009
"671","2001",151,"1 g424",-147.307444891767,59.1891672789782,0.018
"672","2003",151,"1 g424",-147.307444891767,59.1891672789782,0.058
"673","2005",151,"1 g424",-147.307444891767,59.1891672789782,0.027
"674","2007",151,"1 g424",-147.307444891767,59.1891672789782,0.045
"675","2009",151,"1 g424",-147.307444891767,59.1891672789782,0.027
"676","2011",151,"1 g424",-147.307444891767,59.1891672789782,0.137
"677","2013",151,"1 g424",-147.307444891767,59.1891672789782,0.061
"678","2015",151,"1 g424",-147.307444891767,59.1891672789782,0.012
"679","2017",151,"1 g424",-147.307444891767,59.1891672789782,0.071
"680","1990",165,"1 g395",-147.123815518585,60.0586286051544,0.043
"681","1993",165,"1 g395",-147.123815518585,60.0586286051544,0.035
"682","1996",165,"1 g395",-147.123815518585,60.0586286051544,0.123
"683","1999",165,"1 g395",-147.123815518585,60.0586286051544,0.045
"684","2001",165,"1 g395",-147.123815518585,60.0586286051544,0.209
"685","2003",165,"1 g395",-147.123815518585,60.0586286051544,0.116
"686","2005",165,"1 g395",-147.123815518585,60.0586286051544,0.117
"687","2007",165,"1 g395",-147.123815518585,60.0586286051544,0.084
"688","2009",165,"1 g395",-147.123815518585,60.0586286051544,0.11
"689","2011",165,"1 g395",-147.123815518585,60.0586286051544,0.181
"690","2013",165,"1 g395",-147.123815518585,60.0586286051544,0.296
"691","2015",165,"1 g395",-147.123815518585,60.0586286051544,0.256
"692","2017",165,"1 g395",-147.123815518585,60.0586286051544,0.31
"693","1990",166,"1 g396",-145.412581671958,59.9631498944765,0.12
"694","1993",166,"1 g396",-145.412581671958,59.9631498944765,0.256
"695","1996",166,"1 g396",-145.412581671958,59.9631498944765,0.124
"696","1999",166,"1 g396",-145.412581671958,59.9631498944765,0.212
"697","2003",166,"1 g396",-145.412581671958,59.9631498944765,0.279
"698","2005",166,"1 g396",-145.412581671958,59.9631498944765,0.179
"699","2007",166,"1 g396",-145.412581671958,59.9631498944765,0.226
"700","2009",166,"1 g396",-145.412581671958,59.9631498944765,0.275
"701","2011",166,"1 g396",-145.412581671958,59.9631498944765,0.411
"702","2013",166,"1 g396",-145.412581671958,59.9631498944765,0.336
"703","2015",166,"1 g396",-145.412581671958,59.9631498944765,0.437
"704","2017",166,"1 g396",-145.412581671958,59.9631498944765,0.249
"705","1990",152,"1 g425",-145.570252296543,59.1007704645408,0.078
"706","1993",152,"1 g425",-145.570252296543,59.1007704645408,0.294
"707","1996",152,"1 g425",-145.570252296543,59.1007704645408,0.039
"708","1999",152,"1 g425",-145.570252296543,59.1007704645408,0.038
"709","2003",152,"1 g425",-145.570252296543,59.1007704645408,0.027
"710","2005",152,"1 g425",-145.570252296543,59.1007704645408,0.041
"711","2009",152,"1 g425",-145.570252296543,59.1007704645408,0.11
"712","2011",152,"1 g425",-145.570252296543,59.1007704645408,0.008
"713","2013",152,"1 g425",-145.570252296543,59.1007704645408,0.041
"714","2015",152,"1 g425",-145.570252296543,59.1007704645408,0.101
"715","2017",152,"1 g425",-145.570252296543,59.1007704645408,0.072
